rock_out,featset,hidden,act,alpha,inner_mape
r1,md_zeta9,"(8,)",tanh,0.5,29.49346044339765
r1,md_zeta9,"(8,)",tanh,1.0,28.69812764318068
r1,md_zeta9,"(8,)",tanh,2.0,27.21105274460417
r1,md_zeta9,"(8,)",tanh,3.0,27.319774978844794
r1,md_zeta9,"(8,)",tanh,5.0,28.855272540709198
r1,md_zeta9,"(8,)",tanh,10.0,34.66892491937117
r1,md_zeta9,"(12,)",tanh,0.5,30.605364129551027
r1,md_zeta9,"(12,)",tanh,1.0,28.950933617584816
r1,md_zeta9,"(12,)",tanh,2.0,27.973450245236755
r1,md_zeta9,"(12,)",tanh,3.0,28.428830992021005
r1,md_zeta9,"(12,)",tanh,5.0,29.010873407904278
r1,md_zeta9,"(12,)",tanh,10.0,34.64440000901493
r1,md_zeta9,"(4, 2)",tanh,0.5,34.22646452558547
r1,md_zeta9,"(4, 2)",tanh,1.0,32.70203250927537
r1,md_zeta9,"(4, 2)",tanh,2.0,29.930911229734903
r1,md_zeta9,"(4, 2)",tanh,3.0,30.445365580499647
r1,md_zeta9,"(4, 2)",tanh,5.0,30.530837545727497
r1,md_zeta9,"(4, 2)",tanh,10.0,33.11619698787249
r1,md_zeta9,"(6, 3)",tanh,0.5,28.82692049197807
r1,md_zeta9,"(6, 3)",tanh,1.0,27.96562427321136
r1,md_zeta9,"(6, 3)",tanh,2.0,27.47661123190371
r1,md_zeta9,"(6, 3)",tanh,3.0,26.49332194308179
r1,md_zeta9,"(6, 3)",tanh,5.0,26.226064138999213
r1,md_zeta9,"(6, 3)",tanh,10.0,31.648445961252957
r1,md_zeta9,"(8, 4)",tanh,0.5,32.30203255407669
r1,md_zeta9,"(8, 4)",tanh,1.0,31.34761475201974
r1,md_zeta9,"(8, 4)",tanh,2.0,27.58187045913932
r1,md_zeta9,"(8, 4)",tanh,3.0,27.025732139987348
r1,md_zeta9,"(8, 4)",tanh,5.0,25.93120029520929
r1,md_zeta9,"(8, 4)",tanh,10.0,32.6174539995923
r1,md_zeta9,"(10, 5)",tanh,0.5,33.5226829308239
r1,md_zeta9,"(10, 5)",tanh,1.0,29.274133305723357
r1,md_zeta9,"(10, 5)",tanh,2.0,28.04512901920124
r1,md_zeta9,"(10, 5)",tanh,3.0,27.196474767659605
r1,md_zeta9,"(10, 5)",tanh,5.0,26.153885334115195
r1,md_zeta9,"(10, 5)",tanh,10.0,31.551610623971897
r1,md_zeta9,"(12, 6)",tanh,0.5,32.09521886828247
r1,md_zeta9,"(12, 6)",tanh,1.0,30.809874228919416
r1,md_zeta9,"(12, 6)",tanh,2.0,29.987608255219254
r1,md_zeta9,"(12, 6)",tanh,3.0,28.91887145075841
r1,md_zeta9,"(12, 6)",tanh,5.0,26.96995282503012
r1,md_zeta9,"(12, 6)",tanh,10.0,31.983540625923226
r1,md_zeta9,"(16, 8)",tanh,0.5,30.868362049768404
r1,md_zeta9,"(16, 8)",tanh,1.0,30.938297387216977
r1,md_zeta9,"(16, 8)",tanh,2.0,28.978568861366124
r1,md_zeta9,"(16, 8)",tanh,3.0,28.80952327480404
r1,md_zeta9,"(16, 8)",tanh,5.0,27.42413676838409
r1,md_zeta9,"(16, 8)",tanh,10.0,31.0883830379728
r1,md_zeta9,"(20, 10)",tanh,0.5,31.415266441974158
r1,md_zeta9,"(20, 10)",tanh,1.0,30.98949097473251
r1,md_zeta9,"(20, 10)",tanh,2.0,29.860214605690626
r1,md_zeta9,"(20, 10)",tanh,3.0,28.233597945028748
r1,md_zeta9,"(20, 10)",tanh,5.0,26.946528545585352
r1,md_zeta9,"(20, 10)",tanh,10.0,31.086625431949237
r1,md_zeta9,"(24, 12)",tanh,0.5,35.37171228061412
r1,md_zeta9,"(24, 12)",tanh,1.0,33.05258846231294
r1,md_zeta9,"(24, 12)",tanh,2.0,30.95624973073905
r1,md_zeta9,"(24, 12)",tanh,3.0,29.18505990627562
r1,md_zeta9,"(24, 12)",tanh,5.0,27.039193592495295
r1,md_zeta9,"(24, 12)",tanh,10.0,31.640540772850635
r1,md_zeta9,"(8, 8)",tanh,0.5,37.413799818164485
r1,md_zeta9,"(8, 8)",tanh,1.0,30.28823694579047
r1,md_zeta9,"(8, 8)",tanh,2.0,31.54909007092517
r1,md_zeta9,"(8, 8)",tanh,3.0,27.95887467359725
r1,md_zeta9,"(8, 8)",tanh,5.0,26.46231264173671
r1,md_zeta9,"(8, 8)",tanh,10.0,30.296284694432853
r1,md_zeta9,"(16, 16)",tanh,0.5,34.39526873387563
r1,md_zeta9,"(16, 16)",tanh,1.0,31.043058460164445
r1,md_zeta9,"(16, 16)",tanh,2.0,29.361339176736795
r1,md_zeta9,"(16, 16)",tanh,3.0,30.04703382210092
r1,md_zeta9,"(16, 16)",tanh,5.0,27.287511246686822
r1,md_zeta9,"(16, 16)",tanh,10.0,31.027999213518942
r1,md_zeta9,"(8, 4, 2)",tanh,0.5,30.35014207401121
r1,md_zeta9,"(8, 4, 2)",tanh,1.0,27.637322869637963
r1,md_zeta9,"(8, 4, 2)",tanh,2.0,28.009496944017275
r1,md_zeta9,"(8, 4, 2)",tanh,3.0,29.330830175707348
r1,md_zeta9,"(8, 4, 2)",tanh,5.0,26.30647199675933
r1,md_zeta9,"(8, 4, 2)",tanh,10.0,31.40867952663545
r1,md_zeta9,"(12, 6, 3)",tanh,0.5,32.13708263426423
r1,md_zeta9,"(12, 6, 3)",tanh,1.0,29.77292916238725
r1,md_zeta9,"(12, 6, 3)",tanh,2.0,28.0388041021017
r1,md_zeta9,"(12, 6, 3)",tanh,3.0,29.184385924472373
r1,md_zeta9,"(12, 6, 3)",tanh,5.0,27.675496848884297
r1,md_zeta9,"(12, 6, 3)",tanh,10.0,31.399953617791237
r1,md_zeta9,"(16, 8, 4)",tanh,0.5,31.64022386207722
r1,md_zeta9,"(16, 8, 4)",tanh,1.0,29.02204341044144
r1,md_zeta9,"(16, 8, 4)",tanh,2.0,29.846255428656065
r1,md_zeta9,"(16, 8, 4)",tanh,3.0,28.30643786667102
r1,md_zeta9,"(16, 8, 4)",tanh,5.0,26.27624164442538
r1,md_zeta9,"(16, 8, 4)",tanh,10.0,31.187814928247896
r1,md_zeta9,"(24, 12, 6)",tanh,0.5,37.4423092875702
r1,md_zeta9,"(24, 12, 6)",tanh,1.0,27.76033585827601
r1,md_zeta9,"(24, 12, 6)",tanh,2.0,29.81454520080276
r1,md_zeta9,"(24, 12, 6)",tanh,3.0,28.88331999625949
r1,md_zeta9,"(24, 12, 6)",tanh,5.0,26.62434210223484
r1,md_zeta9,"(24, 12, 6)",tanh,10.0,29.85271127645877
r1,md_beta9,"(8,)",tanh,0.5,45.05350316865984
r1,md_beta9,"(8,)",tanh,1.0,39.71705099226012
r1,md_beta9,"(8,)",tanh,2.0,40.20727922830064
r1,md_beta9,"(8,)",tanh,3.0,38.26173112738595
r1,md_beta9,"(8,)",tanh,5.0,38.658157646972406
r1,md_beta9,"(8,)",tanh,10.0,39.71428076529477
r1,md_beta9,"(12,)",tanh,0.5,48.15289793251184
r1,md_beta9,"(12,)",tanh,1.0,43.45048102525239
r1,md_beta9,"(12,)",tanh,2.0,40.32318030358535
r1,md_beta9,"(12,)",tanh,3.0,38.40436998320573
r1,md_beta9,"(12,)",tanh,5.0,38.72000069500443
r1,md_beta9,"(12,)",tanh,10.0,39.88157263534303
r1,md_beta9,"(4, 2)",tanh,0.5,46.697636647001445
r1,md_beta9,"(4, 2)",tanh,1.0,49.7643811444299
r1,md_beta9,"(4, 2)",tanh,2.0,43.65237866001894
r1,md_beta9,"(4, 2)",tanh,3.0,38.57916589033517
r1,md_beta9,"(4, 2)",tanh,5.0,38.69863305996024
r1,md_beta9,"(4, 2)",tanh,10.0,39.093813443743656
r1,md_beta9,"(6, 3)",tanh,0.5,49.47956710605556
r1,md_beta9,"(6, 3)",tanh,1.0,39.60664940900433
r1,md_beta9,"(6, 3)",tanh,2.0,40.56444801994717
r1,md_beta9,"(6, 3)",tanh,3.0,37.49646754348328
r1,md_beta9,"(6, 3)",tanh,5.0,37.157350323015486
r1,md_beta9,"(6, 3)",tanh,10.0,39.53706951470409
r1,md_beta9,"(8, 4)",tanh,0.5,52.04961823886007
r1,md_beta9,"(8, 4)",tanh,1.0,45.87382959646915
r1,md_beta9,"(8, 4)",tanh,2.0,46.22547757046052
r1,md_beta9,"(8, 4)",tanh,3.0,40.04668807406374
r1,md_beta9,"(8, 4)",tanh,5.0,38.24571891667737
r1,md_beta9,"(8, 4)",tanh,10.0,39.20290882646559
r1,md_beta9,"(10, 5)",tanh,0.5,54.81134611668101
r1,md_beta9,"(10, 5)",tanh,1.0,55.27830013982248
r1,md_beta9,"(10, 5)",tanh,2.0,40.79586372245316
r1,md_beta9,"(10, 5)",tanh,3.0,40.084864189806886
r1,md_beta9,"(10, 5)",tanh,5.0,37.7640931265541
r1,md_beta9,"(10, 5)",tanh,10.0,39.35582729566277
r1,md_beta9,"(12, 6)",tanh,0.5,57.94060847389413
r1,md_beta9,"(12, 6)",tanh,1.0,53.48678936680223
r1,md_beta9,"(12, 6)",tanh,2.0,47.48937222473985
r1,md_beta9,"(12, 6)",tanh,3.0,41.09510835828061
r1,md_beta9,"(12, 6)",tanh,5.0,37.60289749881563
r1,md_beta9,"(12, 6)",tanh,10.0,39.086677603987
r1,md_beta9,"(16, 8)",tanh,0.5,59.61347719700477
r1,md_beta9,"(16, 8)",tanh,1.0,52.785102205888506
r1,md_beta9,"(16, 8)",tanh,2.0,50.66713193186793
r1,md_beta9,"(16, 8)",tanh,3.0,44.2567130204561
r1,md_beta9,"(16, 8)",tanh,5.0,39.705413725968455
r1,md_beta9,"(16, 8)",tanh,10.0,38.98345947744196
r1,md_beta9,"(20, 10)",tanh,0.5,52.303046373554864
r1,md_beta9,"(20, 10)",tanh,1.0,54.02584996005264
r1,md_beta9,"(20, 10)",tanh,2.0,48.86555971654601
r1,md_beta9,"(20, 10)",tanh,3.0,43.81311501458016
r1,md_beta9,"(20, 10)",tanh,5.0,40.92039362107237
r1,md_beta9,"(20, 10)",tanh,10.0,38.99809914843507
r1,md_beta9,"(24, 12)",tanh,0.5,57.36915928114414
r1,md_beta9,"(24, 12)",tanh,1.0,53.11746465632217
r1,md_beta9,"(24, 12)",tanh,2.0,46.75513545495449
r1,md_beta9,"(24, 12)",tanh,3.0,42.24951750521804
r1,md_beta9,"(24, 12)",tanh,5.0,42.43460141497948
r1,md_beta9,"(24, 12)",tanh,10.0,39.45769165879746
r1,md_beta9,"(8, 8)",tanh,0.5,57.41866229089728
r1,md_beta9,"(8, 8)",tanh,1.0,55.9877943769633
r1,md_beta9,"(8, 8)",tanh,2.0,44.2253133953
r1,md_beta9,"(8, 8)",tanh,3.0,42.78362385901114
r1,md_beta9,"(8, 8)",tanh,5.0,38.03958952860616
r1,md_beta9,"(8, 8)",tanh,10.0,39.04266496721574
r1,md_beta9,"(16, 16)",tanh,0.5,59.103996049616704
r1,md_beta9,"(16, 16)",tanh,1.0,52.29131920044656
r1,md_beta9,"(16, 16)",tanh,2.0,44.9783257634052
r1,md_beta9,"(16, 16)",tanh,3.0,44.602145337417895
r1,md_beta9,"(16, 16)",tanh,5.0,39.69395929970352
r1,md_beta9,"(16, 16)",tanh,10.0,38.84626422407136
r1,md_beta9,"(8, 4, 2)",tanh,0.5,54.3066450630425
r1,md_beta9,"(8, 4, 2)",tanh,1.0,50.21462435707625
r1,md_beta9,"(8, 4, 2)",tanh,2.0,46.66870857933331
r1,md_beta9,"(8, 4, 2)",tanh,3.0,38.596662909553615
r1,md_beta9,"(8, 4, 2)",tanh,5.0,40.09594965481784
r1,md_beta9,"(8, 4, 2)",tanh,10.0,40.92441138797236
r1,md_beta9,"(12, 6, 3)",tanh,0.5,54.692485707090725
r1,md_beta9,"(12, 6, 3)",tanh,1.0,51.27172942375817
r1,md_beta9,"(12, 6, 3)",tanh,2.0,47.99070182248094
r1,md_beta9,"(12, 6, 3)",tanh,3.0,40.55137388438121
r1,md_beta9,"(12, 6, 3)",tanh,5.0,39.60286110516959
r1,md_beta9,"(12, 6, 3)",tanh,10.0,40.8891622095475
r1,md_beta9,"(16, 8, 4)",tanh,0.5,59.40831204178494
r1,md_beta9,"(16, 8, 4)",tanh,1.0,55.65555396761606
r1,md_beta9,"(16, 8, 4)",tanh,2.0,52.89611927901605
r1,md_beta9,"(16, 8, 4)",tanh,3.0,43.364581021418346
r1,md_beta9,"(16, 8, 4)",tanh,5.0,38.82191752611961
r1,md_beta9,"(16, 8, 4)",tanh,10.0,40.119479601831074
r1,md_beta9,"(24, 12, 6)",tanh,0.5,58.635798791810814
r1,md_beta9,"(24, 12, 6)",tanh,1.0,52.06439379856114
r1,md_beta9,"(24, 12, 6)",tanh,2.0,50.9132354130028
r1,md_beta9,"(24, 12, 6)",tanh,3.0,43.97350120122817
r1,md_beta9,"(24, 12, 6)",tanh,5.0,38.76684759634075
r1,md_beta9,"(24, 12, 6)",tanh,10.0,38.59280481932301
r1,md_full11,"(8,)",tanh,0.5,30.457781474791908
r1,md_full11,"(8,)",tanh,1.0,28.656732013213087
r1,md_full11,"(8,)",tanh,2.0,27.4199891865336
r1,md_full11,"(8,)",tanh,3.0,26.31804278208684
r1,md_full11,"(8,)",tanh,5.0,26.916300280366915
r1,md_full11,"(8,)",tanh,10.0,30.93916510146238
r1,md_full11,"(12,)",tanh,0.5,32.425043631100515
r1,md_full11,"(12,)",tanh,1.0,30.167184946298327
r1,md_full11,"(12,)",tanh,2.0,29.66208341499981
r1,md_full11,"(12,)",tanh,3.0,26.850688444935287
r1,md_full11,"(12,)",tanh,5.0,26.856664684899776
r1,md_full11,"(12,)",tanh,10.0,30.969396938428712
r1,md_full11,"(4, 2)",tanh,0.5,33.119998769020086
r1,md_full11,"(4, 2)",tanh,1.0,34.912189800227
r1,md_full11,"(4, 2)",tanh,2.0,31.468052620554182
r1,md_full11,"(4, 2)",tanh,3.0,29.331259008234674
r1,md_full11,"(4, 2)",tanh,5.0,27.71802913307476
r1,md_full11,"(4, 2)",tanh,10.0,33.1671878125651
r1,md_full11,"(6, 3)",tanh,0.5,32.21148248830344
r1,md_full11,"(6, 3)",tanh,1.0,29.155563299849085
r1,md_full11,"(6, 3)",tanh,2.0,29.20715974328757
r1,md_full11,"(6, 3)",tanh,3.0,23.32594440547889
r1,md_full11,"(6, 3)",tanh,5.0,25.096232963507937
r1,md_full11,"(6, 3)",tanh,10.0,30.221226832254064
r1,md_full11,"(8, 4)",tanh,0.5,33.128115751772974
r1,md_full11,"(8, 4)",tanh,1.0,31.81923273812442
r1,md_full11,"(8, 4)",tanh,2.0,28.570603468492894
r1,md_full11,"(8, 4)",tanh,3.0,26.487498454613096
r1,md_full11,"(8, 4)",tanh,5.0,25.158449325237903
r1,md_full11,"(8, 4)",tanh,10.0,29.26512292573592
r1,md_full11,"(10, 5)",tanh,0.5,31.35714917579632
r1,md_full11,"(10, 5)",tanh,1.0,33.46036412533273
r1,md_full11,"(10, 5)",tanh,2.0,30.082912744974998
r1,md_full11,"(10, 5)",tanh,3.0,27.788126484875328
r1,md_full11,"(10, 5)",tanh,5.0,24.94443702170245
r1,md_full11,"(10, 5)",tanh,10.0,29.11523635523068
r1,md_full11,"(12, 6)",tanh,0.5,29.358363385639365
r1,md_full11,"(12, 6)",tanh,1.0,29.381481737666547
r1,md_full11,"(12, 6)",tanh,2.0,30.984875659239464
r1,md_full11,"(12, 6)",tanh,3.0,27.35757719161869
r1,md_full11,"(12, 6)",tanh,5.0,25.542193555933963
r1,md_full11,"(12, 6)",tanh,10.0,28.212889397372837
r1,md_full11,"(16, 8)",tanh,0.5,34.36700495175891
r1,md_full11,"(16, 8)",tanh,1.0,34.25985639356156
r1,md_full11,"(16, 8)",tanh,2.0,30.73020282473104
r1,md_full11,"(16, 8)",tanh,3.0,28.45772673838929
r1,md_full11,"(16, 8)",tanh,5.0,25.448749845218217
r1,md_full11,"(16, 8)",tanh,10.0,28.938045206937986
r1,md_full11,"(20, 10)",tanh,0.5,33.86467881338323
r1,md_full11,"(20, 10)",tanh,1.0,31.298445928394376
r1,md_full11,"(20, 10)",tanh,2.0,30.829249961105116
r1,md_full11,"(20, 10)",tanh,3.0,28.43772462504036
r1,md_full11,"(20, 10)",tanh,5.0,25.324365143484336
r1,md_full11,"(20, 10)",tanh,10.0,28.93936244354236
r1,md_full11,"(24, 12)",tanh,0.5,31.94001168306437
r1,md_full11,"(24, 12)",tanh,1.0,31.582458002576917
r1,md_full11,"(24, 12)",tanh,2.0,31.2031061004686
r1,md_full11,"(24, 12)",tanh,3.0,28.100856805687577
r1,md_full11,"(24, 12)",tanh,5.0,25.73153914533346
r1,md_full11,"(24, 12)",tanh,10.0,28.65870585417407
r1,md_full11,"(8, 8)",tanh,0.5,35.6129852963458
r1,md_full11,"(8, 8)",tanh,1.0,30.875429313782867
r1,md_full11,"(8, 8)",tanh,2.0,28.11051050157995
r1,md_full11,"(8, 8)",tanh,3.0,28.379886765923885
r1,md_full11,"(8, 8)",tanh,5.0,26.616019177857545
r1,md_full11,"(8, 8)",tanh,10.0,29.35010572811436
r1,md_full11,"(16, 16)",tanh,0.5,30.471508677365883
r1,md_full11,"(16, 16)",tanh,1.0,31.89952655597568
r1,md_full11,"(16, 16)",tanh,2.0,32.35751436590861
r1,md_full11,"(16, 16)",tanh,3.0,30.100633827750016
r1,md_full11,"(16, 16)",tanh,5.0,24.6526103370892
r1,md_full11,"(16, 16)",tanh,10.0,28.699832717579017
r1,md_full11,"(8, 4, 2)",tanh,0.5,34.602357985669
r1,md_full11,"(8, 4, 2)",tanh,1.0,29.03658009515508
r1,md_full11,"(8, 4, 2)",tanh,2.0,25.06584181333889
r1,md_full11,"(8, 4, 2)",tanh,3.0,24.509346377250537
r1,md_full11,"(8, 4, 2)",tanh,5.0,25.598089398142665
r1,md_full11,"(8, 4, 2)",tanh,10.0,31.87268802694726
r1,md_full11,"(12, 6, 3)",tanh,0.5,31.081399637078896
r1,md_full11,"(12, 6, 3)",tanh,1.0,29.03938011979246
r1,md_full11,"(12, 6, 3)",tanh,2.0,27.94376032316859
r1,md_full11,"(12, 6, 3)",tanh,3.0,25.862190404764704
r1,md_full11,"(12, 6, 3)",tanh,5.0,25.221724728316094
r1,md_full11,"(12, 6, 3)",tanh,10.0,29.365879881561348
r1,md_full11,"(16, 8, 4)",tanh,0.5,31.04226500868223
r1,md_full11,"(16, 8, 4)",tanh,1.0,29.14711451531462
r1,md_full11,"(16, 8, 4)",tanh,2.0,28.62771520276891
r1,md_full11,"(16, 8, 4)",tanh,3.0,26.177570736268034
r1,md_full11,"(16, 8, 4)",tanh,5.0,24.359140701317987
r1,md_full11,"(16, 8, 4)",tanh,10.0,29.235793838336747
r1,md_full11,"(24, 12, 6)",tanh,0.5,34.652065425448825
r1,md_full11,"(24, 12, 6)",tanh,1.0,31.56218944198282
r1,md_full11,"(24, 12, 6)",tanh,2.0,30.925960444947226
r1,md_full11,"(24, 12, 6)",tanh,3.0,27.959832703857824
r1,md_full11,"(24, 12, 6)",tanh,5.0,25.082536510489295
r1,md_full11,"(24, 12, 6)",tanh,10.0,28.84493457801869
r11,md_zeta9,"(8,)",tanh,0.5,30.54839193267344
r11,md_zeta9,"(8,)",tanh,1.0,30.35303972792756
r11,md_zeta9,"(8,)",tanh,2.0,30.815051770771664
r11,md_zeta9,"(8,)",tanh,3.0,30.125788766220875
r11,md_zeta9,"(8,)",tanh,5.0,29.81219755240989
r11,md_zeta9,"(8,)",tanh,10.0,34.95234453757314
r11,md_zeta9,"(12,)",tanh,0.5,35.72015859515527
r11,md_zeta9,"(12,)",tanh,1.0,31.869694905063927
r11,md_zeta9,"(12,)",tanh,2.0,28.90863296690987
r11,md_zeta9,"(12,)",tanh,3.0,29.24150876913751
r11,md_zeta9,"(12,)",tanh,5.0,30.20657378456156
r11,md_zeta9,"(12,)",tanh,10.0,35.068296260165326
r11,md_zeta9,"(4, 2)",tanh,0.5,34.93189505417634
r11,md_zeta9,"(4, 2)",tanh,1.0,28.65892979756696
r11,md_zeta9,"(4, 2)",tanh,2.0,27.058416523528148
r11,md_zeta9,"(4, 2)",tanh,3.0,26.40848159927037
r11,md_zeta9,"(4, 2)",tanh,5.0,27.60502350831508
r11,md_zeta9,"(4, 2)",tanh,10.0,33.807508676277806
r11,md_zeta9,"(6, 3)",tanh,0.5,30.03267452061088
r11,md_zeta9,"(6, 3)",tanh,1.0,28.164208959910603
r11,md_zeta9,"(6, 3)",tanh,2.0,26.45403612515636
r11,md_zeta9,"(6, 3)",tanh,3.0,25.353346752091134
r11,md_zeta9,"(6, 3)",tanh,5.0,26.169843577388963
r11,md_zeta9,"(6, 3)",tanh,10.0,32.516484930648915
r11,md_zeta9,"(8, 4)",tanh,0.5,32.51076809135596
r11,md_zeta9,"(8, 4)",tanh,1.0,29.193268419828293
r11,md_zeta9,"(8, 4)",tanh,2.0,27.0472774163723
r11,md_zeta9,"(8, 4)",tanh,3.0,26.21741713209533
r11,md_zeta9,"(8, 4)",tanh,5.0,25.218405699853523
r11,md_zeta9,"(8, 4)",tanh,10.0,33.06155566105822
r11,md_zeta9,"(10, 5)",tanh,0.5,28.980973200480832
r11,md_zeta9,"(10, 5)",tanh,1.0,27.193842628783635
r11,md_zeta9,"(10, 5)",tanh,2.0,25.352914992236894
r11,md_zeta9,"(10, 5)",tanh,3.0,25.3799820548506
r11,md_zeta9,"(10, 5)",tanh,5.0,25.47003229394628
r11,md_zeta9,"(10, 5)",tanh,10.0,32.043255198413505
r11,md_zeta9,"(12, 6)",tanh,0.5,28.54633501378559
r11,md_zeta9,"(12, 6)",tanh,1.0,30.14273645729022
r11,md_zeta9,"(12, 6)",tanh,2.0,27.576998470277022
r11,md_zeta9,"(12, 6)",tanh,3.0,26.245337624352857
r11,md_zeta9,"(12, 6)",tanh,5.0,25.512393906526267
r11,md_zeta9,"(12, 6)",tanh,10.0,32.5867765742729
r11,md_zeta9,"(16, 8)",tanh,0.5,28.656837707043174
r11,md_zeta9,"(16, 8)",tanh,1.0,28.18744833549688
r11,md_zeta9,"(16, 8)",tanh,2.0,27.69983951458793
r11,md_zeta9,"(16, 8)",tanh,3.0,27.08412104328769
r11,md_zeta9,"(16, 8)",tanh,5.0,26.93608661352852
r11,md_zeta9,"(16, 8)",tanh,10.0,32.00939645422035
r11,md_zeta9,"(20, 10)",tanh,0.5,31.277780521347456
r11,md_zeta9,"(20, 10)",tanh,1.0,29.71707599396633
r11,md_zeta9,"(20, 10)",tanh,2.0,26.89319924945208
r11,md_zeta9,"(20, 10)",tanh,3.0,26.633425725601256
r11,md_zeta9,"(20, 10)",tanh,5.0,26.28685120774113
r11,md_zeta9,"(20, 10)",tanh,10.0,31.79153820445073
r11,md_zeta9,"(24, 12)",tanh,0.5,28.11788027002417
r11,md_zeta9,"(24, 12)",tanh,1.0,28.56278552435684
r11,md_zeta9,"(24, 12)",tanh,2.0,28.209978366975275
r11,md_zeta9,"(24, 12)",tanh,3.0,26.613176345534697
r11,md_zeta9,"(24, 12)",tanh,5.0,26.32972391839038
r11,md_zeta9,"(24, 12)",tanh,10.0,31.955183992647044
r11,md_zeta9,"(8, 8)",tanh,0.5,31.981348505385967
r11,md_zeta9,"(8, 8)",tanh,1.0,31.58600772862961
r11,md_zeta9,"(8, 8)",tanh,2.0,27.06007395988964
r11,md_zeta9,"(8, 8)",tanh,3.0,26.377371362955135
r11,md_zeta9,"(8, 8)",tanh,5.0,26.72728921248777
r11,md_zeta9,"(8, 8)",tanh,10.0,31.99181913610712
r11,md_zeta9,"(16, 16)",tanh,0.5,30.316401126645317
r11,md_zeta9,"(16, 16)",tanh,1.0,27.72627828232769
r11,md_zeta9,"(16, 16)",tanh,2.0,28.65577905520139
r11,md_zeta9,"(16, 16)",tanh,3.0,27.86006308326075
r11,md_zeta9,"(16, 16)",tanh,5.0,26.26382801986976
r11,md_zeta9,"(16, 16)",tanh,10.0,31.997539899055045
r11,md_zeta9,"(8, 4, 2)",tanh,0.5,28.698442063491186
r11,md_zeta9,"(8, 4, 2)",tanh,1.0,26.842872228484897
r11,md_zeta9,"(8, 4, 2)",tanh,2.0,26.277991015659147
r11,md_zeta9,"(8, 4, 2)",tanh,3.0,24.68527710805328
r11,md_zeta9,"(8, 4, 2)",tanh,5.0,25.31256980182923
r11,md_zeta9,"(8, 4, 2)",tanh,10.0,31.45403543725048
r11,md_zeta9,"(12, 6, 3)",tanh,0.5,27.06455345369428
r11,md_zeta9,"(12, 6, 3)",tanh,1.0,27.9169418509305
r11,md_zeta9,"(12, 6, 3)",tanh,2.0,26.13106508652668
r11,md_zeta9,"(12, 6, 3)",tanh,3.0,26.02095836501872
r11,md_zeta9,"(12, 6, 3)",tanh,5.0,26.050783402845507
r11,md_zeta9,"(12, 6, 3)",tanh,10.0,31.14502267225045
r11,md_zeta9,"(16, 8, 4)",tanh,0.5,28.263965880945243
r11,md_zeta9,"(16, 8, 4)",tanh,1.0,26.444503076987843
r11,md_zeta9,"(16, 8, 4)",tanh,2.0,26.409525683950143
r11,md_zeta9,"(16, 8, 4)",tanh,3.0,26.01304333127133
r11,md_zeta9,"(16, 8, 4)",tanh,5.0,25.73541969208883
r11,md_zeta9,"(16, 8, 4)",tanh,10.0,30.76040653088601
r11,md_zeta9,"(24, 12, 6)",tanh,0.5,27.8735093054651
r11,md_zeta9,"(24, 12, 6)",tanh,1.0,28.21259762912495
r11,md_zeta9,"(24, 12, 6)",tanh,2.0,28.133734213386298
r11,md_zeta9,"(24, 12, 6)",tanh,3.0,26.517714697094775
r11,md_zeta9,"(24, 12, 6)",tanh,5.0,25.813869461678365
r11,md_zeta9,"(24, 12, 6)",tanh,10.0,30.54847812004054
r11,md_beta9,"(8,)",tanh,0.5,50.74947219360875
r11,md_beta9,"(8,)",tanh,1.0,43.1862072640122
r11,md_beta9,"(8,)",tanh,2.0,39.69372108605032
r11,md_beta9,"(8,)",tanh,3.0,39.6979466251231
r11,md_beta9,"(8,)",tanh,5.0,36.07177568876477
r11,md_beta9,"(8,)",tanh,10.0,40.513507788175616
r11,md_beta9,"(12,)",tanh,0.5,47.5535370966869
r11,md_beta9,"(12,)",tanh,1.0,43.23714537502593
r11,md_beta9,"(12,)",tanh,2.0,38.95941955627851
r11,md_beta9,"(12,)",tanh,3.0,38.48609478292962
r11,md_beta9,"(12,)",tanh,5.0,36.5454103201188
r11,md_beta9,"(12,)",tanh,10.0,40.41437527214361
r11,md_beta9,"(4, 2)",tanh,0.5,49.73034646519233
r11,md_beta9,"(4, 2)",tanh,1.0,45.64386356663549
r11,md_beta9,"(4, 2)",tanh,2.0,40.89117092800308
r11,md_beta9,"(4, 2)",tanh,3.0,40.73495408461628
r11,md_beta9,"(4, 2)",tanh,5.0,37.68761857352585
r11,md_beta9,"(4, 2)",tanh,10.0,39.26578066165643
r11,md_beta9,"(6, 3)",tanh,0.5,47.345184066014106
r11,md_beta9,"(6, 3)",tanh,1.0,45.83732539287992
r11,md_beta9,"(6, 3)",tanh,2.0,44.35560388364319
r11,md_beta9,"(6, 3)",tanh,3.0,38.39336434823374
r11,md_beta9,"(6, 3)",tanh,5.0,39.51529052057179
r11,md_beta9,"(6, 3)",tanh,10.0,38.28443291014131
r11,md_beta9,"(8, 4)",tanh,0.5,49.103039592895584
r11,md_beta9,"(8, 4)",tanh,1.0,48.96252191666301
r11,md_beta9,"(8, 4)",tanh,2.0,44.8620592535501
r11,md_beta9,"(8, 4)",tanh,3.0,40.251234607583385
r11,md_beta9,"(8, 4)",tanh,5.0,37.308048172893706
r11,md_beta9,"(8, 4)",tanh,10.0,37.929616661029584
r11,md_beta9,"(10, 5)",tanh,0.5,46.78747132160275
r11,md_beta9,"(10, 5)",tanh,1.0,40.70075310004984
r11,md_beta9,"(10, 5)",tanh,2.0,43.87643164506151
r11,md_beta9,"(10, 5)",tanh,3.0,40.70096805092976
r11,md_beta9,"(10, 5)",tanh,5.0,39.29102742211768
r11,md_beta9,"(10, 5)",tanh,10.0,38.67687475662232
r11,md_beta9,"(12, 6)",tanh,0.5,43.3131032942661
r11,md_beta9,"(12, 6)",tanh,1.0,44.29180111948808
r11,md_beta9,"(12, 6)",tanh,2.0,44.65940211346216
r11,md_beta9,"(12, 6)",tanh,3.0,40.717294789842754
r11,md_beta9,"(12, 6)",tanh,5.0,37.83901646175072
r11,md_beta9,"(12, 6)",tanh,10.0,38.09782045410388
r11,md_beta9,"(16, 8)",tanh,0.5,49.02346533251856
r11,md_beta9,"(16, 8)",tanh,1.0,45.77461755129331
r11,md_beta9,"(16, 8)",tanh,2.0,44.047452453766994
r11,md_beta9,"(16, 8)",tanh,3.0,40.98999641930529
r11,md_beta9,"(16, 8)",tanh,5.0,38.35043671736827
r11,md_beta9,"(16, 8)",tanh,10.0,38.19750233699639
r11,md_beta9,"(20, 10)",tanh,0.5,52.28885327269374
r11,md_beta9,"(20, 10)",tanh,1.0,47.31000898617392
r11,md_beta9,"(20, 10)",tanh,2.0,49.2742019566931
r11,md_beta9,"(20, 10)",tanh,3.0,43.61040819730566
r11,md_beta9,"(20, 10)",tanh,5.0,40.70119885734562
r11,md_beta9,"(20, 10)",tanh,10.0,38.03168791593602
r11,md_beta9,"(24, 12)",tanh,0.5,49.20763629705641
r11,md_beta9,"(24, 12)",tanh,1.0,47.38487015969528
r11,md_beta9,"(24, 12)",tanh,2.0,47.7903762276312
r11,md_beta9,"(24, 12)",tanh,3.0,43.53773836280632
r11,md_beta9,"(24, 12)",tanh,5.0,38.77096143749156
r11,md_beta9,"(24, 12)",tanh,10.0,37.837233203762
r11,md_beta9,"(8, 8)",tanh,0.5,51.95005618694368
r11,md_beta9,"(8, 8)",tanh,1.0,50.67798169334725
r11,md_beta9,"(8, 8)",tanh,2.0,44.77567499106399
r11,md_beta9,"(8, 8)",tanh,3.0,44.2697539034851
r11,md_beta9,"(8, 8)",tanh,5.0,38.26489543189004
r11,md_beta9,"(8, 8)",tanh,10.0,37.98077354238676
r11,md_beta9,"(16, 16)",tanh,0.5,50.36015325923455
r11,md_beta9,"(16, 16)",tanh,1.0,47.86709820176204
r11,md_beta9,"(16, 16)",tanh,2.0,45.16909185160547
r11,md_beta9,"(16, 16)",tanh,3.0,44.294201656871
r11,md_beta9,"(16, 16)",tanh,5.0,41.244659567115214
r11,md_beta9,"(16, 16)",tanh,10.0,37.95261507493696
r11,md_beta9,"(8, 4, 2)",tanh,0.5,41.30468762329052
r11,md_beta9,"(8, 4, 2)",tanh,1.0,49.17491067573339
r11,md_beta9,"(8, 4, 2)",tanh,2.0,50.31560260663175
r11,md_beta9,"(8, 4, 2)",tanh,3.0,41.368691550500216
r11,md_beta9,"(8, 4, 2)",tanh,5.0,37.57576120285151
r11,md_beta9,"(8, 4, 2)",tanh,10.0,37.49625863053111
r11,md_beta9,"(12, 6, 3)",tanh,0.5,47.06186133614937
r11,md_beta9,"(12, 6, 3)",tanh,1.0,44.49046845278904
r11,md_beta9,"(12, 6, 3)",tanh,2.0,44.98236155036274
r11,md_beta9,"(12, 6, 3)",tanh,3.0,43.11915305948565
r11,md_beta9,"(12, 6, 3)",tanh,5.0,37.365121111770655
r11,md_beta9,"(12, 6, 3)",tanh,10.0,38.542243112720485
r11,md_beta9,"(16, 8, 4)",tanh,0.5,46.49899462397131
r11,md_beta9,"(16, 8, 4)",tanh,1.0,41.50090458811746
r11,md_beta9,"(16, 8, 4)",tanh,2.0,43.43633746925131
r11,md_beta9,"(16, 8, 4)",tanh,3.0,40.14374849370153
r11,md_beta9,"(16, 8, 4)",tanh,5.0,36.76724525793734
r11,md_beta9,"(16, 8, 4)",tanh,10.0,36.74150327840959
r11,md_beta9,"(24, 12, 6)",tanh,0.5,45.0332477580787
r11,md_beta9,"(24, 12, 6)",tanh,1.0,47.53527668532096
r11,md_beta9,"(24, 12, 6)",tanh,2.0,46.15064906833096
r11,md_beta9,"(24, 12, 6)",tanh,3.0,43.22096830081962
r11,md_beta9,"(24, 12, 6)",tanh,5.0,36.60747764637739
r11,md_beta9,"(24, 12, 6)",tanh,10.0,37.394294576930335
r11,md_full11,"(8,)",tanh,0.5,30.369167441559608
r11,md_full11,"(8,)",tanh,1.0,29.760818171469104
r11,md_full11,"(8,)",tanh,2.0,28.295799629771626
r11,md_full11,"(8,)",tanh,3.0,28.398048060041766
r11,md_full11,"(8,)",tanh,5.0,28.65579246868963
r11,md_full11,"(8,)",tanh,10.0,31.872631073696372
r11,md_full11,"(12,)",tanh,0.5,33.56028768020729
r11,md_full11,"(12,)",tanh,1.0,30.48907862993322
r11,md_full11,"(12,)",tanh,2.0,27.83192306991044
r11,md_full11,"(12,)",tanh,3.0,28.34972764208424
r11,md_full11,"(12,)",tanh,5.0,29.23408069678416
r11,md_full11,"(12,)",tanh,10.0,32.039993571259245
r11,md_full11,"(4, 2)",tanh,0.5,38.00492953549472
r11,md_full11,"(4, 2)",tanh,1.0,26.025884195349267
r11,md_full11,"(4, 2)",tanh,2.0,27.98592239536341
r11,md_full11,"(4, 2)",tanh,3.0,27.9582038826213
r11,md_full11,"(4, 2)",tanh,5.0,29.51865734004021
r11,md_full11,"(4, 2)",tanh,10.0,35.2236930093578
r11,md_full11,"(6, 3)",tanh,0.5,41.46852870450455
r11,md_full11,"(6, 3)",tanh,1.0,33.7988900762528
r11,md_full11,"(6, 3)",tanh,2.0,28.53060024133712
r11,md_full11,"(6, 3)",tanh,3.0,28.26874081178583
r11,md_full11,"(6, 3)",tanh,5.0,26.998983395769624
r11,md_full11,"(6, 3)",tanh,10.0,31.50180412896562
r11,md_full11,"(8, 4)",tanh,0.5,38.47911164744589
r11,md_full11,"(8, 4)",tanh,1.0,34.75285676245179
r11,md_full11,"(8, 4)",tanh,2.0,26.157609433986423
r11,md_full11,"(8, 4)",tanh,3.0,25.666581115419184
r11,md_full11,"(8, 4)",tanh,5.0,26.971114087280316
r11,md_full11,"(8, 4)",tanh,10.0,30.684283780305897
r11,md_full11,"(10, 5)",tanh,0.5,31.0957776918665
r11,md_full11,"(10, 5)",tanh,1.0,32.249347985015945
r11,md_full11,"(10, 5)",tanh,2.0,28.3442168404708
r11,md_full11,"(10, 5)",tanh,3.0,26.674191421437065
r11,md_full11,"(10, 5)",tanh,5.0,26.56935950946517
r11,md_full11,"(10, 5)",tanh,10.0,30.68215545406622
r11,md_full11,"(12, 6)",tanh,0.5,33.93140016319446
r11,md_full11,"(12, 6)",tanh,1.0,33.29706006269369
r11,md_full11,"(12, 6)",tanh,2.0,28.645290268539327
r11,md_full11,"(12, 6)",tanh,3.0,26.96425609803969
r11,md_full11,"(12, 6)",tanh,5.0,27.257388012433484
r11,md_full11,"(12, 6)",tanh,10.0,30.19297730483964
r11,md_full11,"(16, 8)",tanh,0.5,36.11699858142296
r11,md_full11,"(16, 8)",tanh,1.0,31.304207207673997
r11,md_full11,"(16, 8)",tanh,2.0,29.10800054789984
r11,md_full11,"(16, 8)",tanh,3.0,26.82083598682801
r11,md_full11,"(16, 8)",tanh,5.0,27.43818127922629
r11,md_full11,"(16, 8)",tanh,10.0,30.02199390742685
r11,md_full11,"(20, 10)",tanh,0.5,31.448080929471512
r11,md_full11,"(20, 10)",tanh,1.0,30.494096385258263
r11,md_full11,"(20, 10)",tanh,2.0,28.09346269723808
r11,md_full11,"(20, 10)",tanh,3.0,27.48520675977351
r11,md_full11,"(20, 10)",tanh,5.0,28.74241556631015
r11,md_full11,"(20, 10)",tanh,10.0,29.845539400253603
r11,md_full11,"(24, 12)",tanh,0.5,34.20378166848265
r11,md_full11,"(24, 12)",tanh,1.0,33.30052316565603
r11,md_full11,"(24, 12)",tanh,2.0,29.34670329086388
r11,md_full11,"(24, 12)",tanh,3.0,26.968726252128345
r11,md_full11,"(24, 12)",tanh,5.0,27.37987557869609
r11,md_full11,"(24, 12)",tanh,10.0,29.66667911612292
r11,md_full11,"(8, 8)",tanh,0.5,37.17618233752985
r11,md_full11,"(8, 8)",tanh,1.0,31.088422544514344
r11,md_full11,"(8, 8)",tanh,2.0,27.914128981879426
r11,md_full11,"(8, 8)",tanh,3.0,27.55542471019184
r11,md_full11,"(8, 8)",tanh,5.0,27.832068300265245
r11,md_full11,"(8, 8)",tanh,10.0,30.069702008774836
r11,md_full11,"(16, 16)",tanh,0.5,39.10834851464954
r11,md_full11,"(16, 16)",tanh,1.0,28.59938973032298
r11,md_full11,"(16, 16)",tanh,2.0,31.154216785940832
r11,md_full11,"(16, 16)",tanh,3.0,26.94519094406771
r11,md_full11,"(16, 16)",tanh,5.0,28.533060852480595
r11,md_full11,"(16, 16)",tanh,10.0,29.584242888992783
r11,md_full11,"(8, 4, 2)",tanh,0.5,29.022021927446463
r11,md_full11,"(8, 4, 2)",tanh,1.0,27.020254728442616
r11,md_full11,"(8, 4, 2)",tanh,2.0,27.116984365802903
r11,md_full11,"(8, 4, 2)",tanh,3.0,24.47500037828293
r11,md_full11,"(8, 4, 2)",tanh,5.0,25.558311423334317
r11,md_full11,"(8, 4, 2)",tanh,10.0,33.11499988630519
r11,md_full11,"(12, 6, 3)",tanh,0.5,35.20052652270575
r11,md_full11,"(12, 6, 3)",tanh,1.0,32.26981475468165
r11,md_full11,"(12, 6, 3)",tanh,2.0,25.785759695679637
r11,md_full11,"(12, 6, 3)",tanh,3.0,24.81960153067512
r11,md_full11,"(12, 6, 3)",tanh,5.0,25.69903734099205
r11,md_full11,"(12, 6, 3)",tanh,10.0,30.447087814629235
r11,md_full11,"(16, 8, 4)",tanh,0.5,32.85386804056571
r11,md_full11,"(16, 8, 4)",tanh,1.0,28.70853475320275
r11,md_full11,"(16, 8, 4)",tanh,2.0,26.510682467330557
r11,md_full11,"(16, 8, 4)",tanh,3.0,25.658070898662515
r11,md_full11,"(16, 8, 4)",tanh,5.0,24.285682538370597
r11,md_full11,"(16, 8, 4)",tanh,10.0,30.151640216945346
r11,md_full11,"(24, 12, 6)",tanh,0.5,30.34901806553348
r11,md_full11,"(24, 12, 6)",tanh,1.0,33.081251331778354
r11,md_full11,"(24, 12, 6)",tanh,2.0,29.90070917915224
r11,md_full11,"(24, 12, 6)",tanh,3.0,25.150587351610763
r11,md_full11,"(24, 12, 6)",tanh,5.0,25.569412267801237
r11,md_full11,"(24, 12, 6)",tanh,10.0,29.64549009930539
r12,md_zeta9,"(8,)",tanh,0.5,31.299911850679383
r12,md_zeta9,"(8,)",tanh,1.0,27.75682951852254
r12,md_zeta9,"(8,)",tanh,2.0,26.266821004930893
r12,md_zeta9,"(8,)",tanh,3.0,27.07864104901244
r12,md_zeta9,"(8,)",tanh,5.0,28.66779422146669
r12,md_zeta9,"(8,)",tanh,10.0,34.83194278126068
r12,md_zeta9,"(12,)",tanh,0.5,29.897117870755068
r12,md_zeta9,"(12,)",tanh,1.0,26.474804253828196
r12,md_zeta9,"(12,)",tanh,2.0,26.632590084806782
r12,md_zeta9,"(12,)",tanh,3.0,27.22616298012549
r12,md_zeta9,"(12,)",tanh,5.0,28.86514847177811
r12,md_zeta9,"(12,)",tanh,10.0,34.929995811337804
r12,md_zeta9,"(4, 2)",tanh,0.5,32.07732470524586
r12,md_zeta9,"(4, 2)",tanh,1.0,29.313157444200108
r12,md_zeta9,"(4, 2)",tanh,2.0,28.289953573242823
r12,md_zeta9,"(4, 2)",tanh,3.0,27.55107359606297
r12,md_zeta9,"(4, 2)",tanh,5.0,26.86028662340784
r12,md_zeta9,"(4, 2)",tanh,10.0,33.18761190718209
r12,md_zeta9,"(6, 3)",tanh,0.5,30.648745413124253
r12,md_zeta9,"(6, 3)",tanh,1.0,30.35113067478452
r12,md_zeta9,"(6, 3)",tanh,2.0,28.32081284959189
r12,md_zeta9,"(6, 3)",tanh,3.0,26.102283791883355
r12,md_zeta9,"(6, 3)",tanh,5.0,25.439894248224423
r12,md_zeta9,"(6, 3)",tanh,10.0,32.1502313045034
r12,md_zeta9,"(8, 4)",tanh,0.5,31.020264950357376
r12,md_zeta9,"(8, 4)",tanh,1.0,29.031605617134097
r12,md_zeta9,"(8, 4)",tanh,2.0,27.654260983204928
r12,md_zeta9,"(8, 4)",tanh,3.0,26.264341071725006
r12,md_zeta9,"(8, 4)",tanh,5.0,25.525143723259824
r12,md_zeta9,"(8, 4)",tanh,10.0,32.24367483708541
r12,md_zeta9,"(10, 5)",tanh,0.5,33.51952937240824
r12,md_zeta9,"(10, 5)",tanh,1.0,32.01387163600445
r12,md_zeta9,"(10, 5)",tanh,2.0,26.25523930964507
r12,md_zeta9,"(10, 5)",tanh,3.0,26.24811573255177
r12,md_zeta9,"(10, 5)",tanh,5.0,26.50158494381194
r12,md_zeta9,"(10, 5)",tanh,10.0,31.286365797665887
r12,md_zeta9,"(12, 6)",tanh,0.5,31.42684949108797
r12,md_zeta9,"(12, 6)",tanh,1.0,33.67871557604913
r12,md_zeta9,"(12, 6)",tanh,2.0,27.76556105962872
r12,md_zeta9,"(12, 6)",tanh,3.0,26.581964491587872
r12,md_zeta9,"(12, 6)",tanh,5.0,26.27692524854012
r12,md_zeta9,"(12, 6)",tanh,10.0,31.214375511474703
r12,md_zeta9,"(16, 8)",tanh,0.5,35.366916786065694
r12,md_zeta9,"(16, 8)",tanh,1.0,32.072961110492315
r12,md_zeta9,"(16, 8)",tanh,2.0,28.096613465498915
r12,md_zeta9,"(16, 8)",tanh,3.0,26.47302670783954
r12,md_zeta9,"(16, 8)",tanh,5.0,26.214002296888832
r12,md_zeta9,"(16, 8)",tanh,10.0,31.13349287052585
r12,md_zeta9,"(20, 10)",tanh,0.5,33.391970790316776
r12,md_zeta9,"(20, 10)",tanh,1.0,34.11336215456841
r12,md_zeta9,"(20, 10)",tanh,2.0,28.075978518563016
r12,md_zeta9,"(20, 10)",tanh,3.0,26.34407892152173
r12,md_zeta9,"(20, 10)",tanh,5.0,26.56446674766244
r12,md_zeta9,"(20, 10)",tanh,10.0,30.402273191175347
r12,md_zeta9,"(24, 12)",tanh,0.5,36.06061071624679
r12,md_zeta9,"(24, 12)",tanh,1.0,32.9959921641876
r12,md_zeta9,"(24, 12)",tanh,2.0,28.19063891895657
r12,md_zeta9,"(24, 12)",tanh,3.0,27.913508885755867
r12,md_zeta9,"(24, 12)",tanh,5.0,26.30715106790067
r12,md_zeta9,"(24, 12)",tanh,10.0,31.193488195535828
r12,md_zeta9,"(8, 8)",tanh,0.5,35.08753519092359
r12,md_zeta9,"(8, 8)",tanh,1.0,31.017247431643447
r12,md_zeta9,"(8, 8)",tanh,2.0,29.224196060762846
r12,md_zeta9,"(8, 8)",tanh,3.0,26.923844365384596
r12,md_zeta9,"(8, 8)",tanh,5.0,25.85229819956739
r12,md_zeta9,"(8, 8)",tanh,10.0,30.31751972890795
r12,md_zeta9,"(16, 16)",tanh,0.5,34.01230093704277
r12,md_zeta9,"(16, 16)",tanh,1.0,30.24835947859815
r12,md_zeta9,"(16, 16)",tanh,2.0,28.35156357492589
r12,md_zeta9,"(16, 16)",tanh,3.0,27.62913813231227
r12,md_zeta9,"(16, 16)",tanh,5.0,26.99310793864281
r12,md_zeta9,"(16, 16)",tanh,10.0,31.153939611825223
r12,md_zeta9,"(8, 4, 2)",tanh,0.5,29.387798340493557
r12,md_zeta9,"(8, 4, 2)",tanh,1.0,35.19985860428854
r12,md_zeta9,"(8, 4, 2)",tanh,2.0,26.719341867411828
r12,md_zeta9,"(8, 4, 2)",tanh,3.0,27.359367680665304
r12,md_zeta9,"(8, 4, 2)",tanh,5.0,26.741738501525845
r12,md_zeta9,"(8, 4, 2)",tanh,10.0,29.783018577045837
r12,md_zeta9,"(12, 6, 3)",tanh,0.5,31.656871709308824
r12,md_zeta9,"(12, 6, 3)",tanh,1.0,31.815680076337912
r12,md_zeta9,"(12, 6, 3)",tanh,2.0,30.68433225610269
r12,md_zeta9,"(12, 6, 3)",tanh,3.0,28.444308211400838
r12,md_zeta9,"(12, 6, 3)",tanh,5.0,26.97159305852481
r12,md_zeta9,"(12, 6, 3)",tanh,10.0,30.26679484440969
r12,md_zeta9,"(16, 8, 4)",tanh,0.5,34.29022653324542
r12,md_zeta9,"(16, 8, 4)",tanh,1.0,32.88896542384273
r12,md_zeta9,"(16, 8, 4)",tanh,2.0,30.9425608348702
r12,md_zeta9,"(16, 8, 4)",tanh,3.0,28.491354365346258
r12,md_zeta9,"(16, 8, 4)",tanh,5.0,26.11242280022891
r12,md_zeta9,"(16, 8, 4)",tanh,10.0,31.03275990303902
r12,md_zeta9,"(24, 12, 6)",tanh,0.5,36.48025031116983
r12,md_zeta9,"(24, 12, 6)",tanh,1.0,34.46396492271464
r12,md_zeta9,"(24, 12, 6)",tanh,2.0,31.849926078433818
r12,md_zeta9,"(24, 12, 6)",tanh,3.0,28.30581205189218
r12,md_zeta9,"(24, 12, 6)",tanh,5.0,26.050022664654712
r12,md_zeta9,"(24, 12, 6)",tanh,10.0,29.41959611506754
r12,md_beta9,"(8,)",tanh,0.5,53.21704904886826
r12,md_beta9,"(8,)",tanh,1.0,46.38574709009258
r12,md_beta9,"(8,)",tanh,2.0,41.04272800545013
r12,md_beta9,"(8,)",tanh,3.0,38.09621597960485
r12,md_beta9,"(8,)",tanh,5.0,38.414884512931714
r12,md_beta9,"(8,)",tanh,10.0,38.09932285747018
r12,md_beta9,"(12,)",tanh,0.5,50.16468050665672
r12,md_beta9,"(12,)",tanh,1.0,49.35834426927676
r12,md_beta9,"(12,)",tanh,2.0,42.66194440926312
r12,md_beta9,"(12,)",tanh,3.0,39.123853174472885
r12,md_beta9,"(12,)",tanh,5.0,37.30330247145763
r12,md_beta9,"(12,)",tanh,10.0,38.93213375953239
r12,md_beta9,"(4, 2)",tanh,0.5,44.34764572722678
r12,md_beta9,"(4, 2)",tanh,1.0,46.558701684014245
r12,md_beta9,"(4, 2)",tanh,2.0,40.58369623202558
r12,md_beta9,"(4, 2)",tanh,3.0,34.33399699890714
r12,md_beta9,"(4, 2)",tanh,5.0,38.656969597445645
r12,md_beta9,"(4, 2)",tanh,10.0,38.15236434142388
r12,md_beta9,"(6, 3)",tanh,0.5,45.56788379024664
r12,md_beta9,"(6, 3)",tanh,1.0,45.42671887548209
r12,md_beta9,"(6, 3)",tanh,2.0,40.595139079344335
r12,md_beta9,"(6, 3)",tanh,3.0,40.821905527030566
r12,md_beta9,"(6, 3)",tanh,5.0,38.84147035054063
r12,md_beta9,"(6, 3)",tanh,10.0,38.13362437726323
r12,md_beta9,"(8, 4)",tanh,0.5,44.14988306539721
r12,md_beta9,"(8, 4)",tanh,1.0,53.38412850855572
r12,md_beta9,"(8, 4)",tanh,2.0,44.05754856199875
r12,md_beta9,"(8, 4)",tanh,3.0,41.29790688471295
r12,md_beta9,"(8, 4)",tanh,5.0,37.73909105946274
r12,md_beta9,"(8, 4)",tanh,10.0,37.70270975461541
r12,md_beta9,"(10, 5)",tanh,0.5,53.60113918106292
r12,md_beta9,"(10, 5)",tanh,1.0,54.91130227318778
r12,md_beta9,"(10, 5)",tanh,2.0,43.29163356766272
r12,md_beta9,"(10, 5)",tanh,3.0,41.69707907119842
r12,md_beta9,"(10, 5)",tanh,5.0,38.64001091443292
r12,md_beta9,"(10, 5)",tanh,10.0,37.863525590974646
r12,md_beta9,"(12, 6)",tanh,0.5,57.05352226993568
r12,md_beta9,"(12, 6)",tanh,1.0,58.23469136023372
r12,md_beta9,"(12, 6)",tanh,2.0,48.21174505512532
r12,md_beta9,"(12, 6)",tanh,3.0,41.28730808725328
r12,md_beta9,"(12, 6)",tanh,5.0,38.44398351941386
r12,md_beta9,"(12, 6)",tanh,10.0,38.10955351197602
r12,md_beta9,"(16, 8)",tanh,0.5,61.81540471087139
r12,md_beta9,"(16, 8)",tanh,1.0,54.040438583982656
r12,md_beta9,"(16, 8)",tanh,2.0,50.91581347403853
r12,md_beta9,"(16, 8)",tanh,3.0,45.7030597227855
r12,md_beta9,"(16, 8)",tanh,5.0,39.34021881083338
r12,md_beta9,"(16, 8)",tanh,10.0,37.22116117142337
r12,md_beta9,"(20, 10)",tanh,0.5,62.66923000822224
r12,md_beta9,"(20, 10)",tanh,1.0,59.64296541326787
r12,md_beta9,"(20, 10)",tanh,2.0,52.23035410558354
r12,md_beta9,"(20, 10)",tanh,3.0,45.46460419067464
r12,md_beta9,"(20, 10)",tanh,5.0,41.1990511150318
r12,md_beta9,"(20, 10)",tanh,10.0,38.3488992960577
r12,md_beta9,"(24, 12)",tanh,0.5,57.78196436898113
r12,md_beta9,"(24, 12)",tanh,1.0,55.36654886271474
r12,md_beta9,"(24, 12)",tanh,2.0,50.42709562373776
r12,md_beta9,"(24, 12)",tanh,3.0,45.85362133447111
r12,md_beta9,"(24, 12)",tanh,5.0,40.4361415686674
r12,md_beta9,"(24, 12)",tanh,10.0,38.64292932462549
r12,md_beta9,"(8, 8)",tanh,0.5,59.07318093758842
r12,md_beta9,"(8, 8)",tanh,1.0,53.72458930568568
r12,md_beta9,"(8, 8)",tanh,2.0,47.65806353234221
r12,md_beta9,"(8, 8)",tanh,3.0,42.2398824470305
r12,md_beta9,"(8, 8)",tanh,5.0,39.36432894715987
r12,md_beta9,"(8, 8)",tanh,10.0,38.12029460762368
r12,md_beta9,"(16, 16)",tanh,0.5,55.32024343805476
r12,md_beta9,"(16, 16)",tanh,1.0,59.45281246353327
r12,md_beta9,"(16, 16)",tanh,2.0,51.238643174803165
r12,md_beta9,"(16, 16)",tanh,3.0,47.49817150561091
r12,md_beta9,"(16, 16)",tanh,5.0,40.1233931644873
r12,md_beta9,"(16, 16)",tanh,10.0,38.604330510271225
r12,md_beta9,"(8, 4, 2)",tanh,0.5,54.08403877071503
r12,md_beta9,"(8, 4, 2)",tanh,1.0,54.42739441674685
r12,md_beta9,"(8, 4, 2)",tanh,2.0,47.700433667418565
r12,md_beta9,"(8, 4, 2)",tanh,3.0,40.02872016347046
r12,md_beta9,"(8, 4, 2)",tanh,5.0,37.35071730500661
r12,md_beta9,"(8, 4, 2)",tanh,10.0,37.84568010288767
r12,md_beta9,"(12, 6, 3)",tanh,0.5,57.50972607724096
r12,md_beta9,"(12, 6, 3)",tanh,1.0,56.07718873423621
r12,md_beta9,"(12, 6, 3)",tanh,2.0,48.097961741229135
r12,md_beta9,"(12, 6, 3)",tanh,3.0,45.86733200389407
r12,md_beta9,"(12, 6, 3)",tanh,5.0,37.50765666866725
r12,md_beta9,"(12, 6, 3)",tanh,10.0,39.66818293283029
r12,md_beta9,"(16, 8, 4)",tanh,0.5,59.83541458177755
r12,md_beta9,"(16, 8, 4)",tanh,1.0,58.03650401482387
r12,md_beta9,"(16, 8, 4)",tanh,2.0,53.17898679234384
r12,md_beta9,"(16, 8, 4)",tanh,3.0,44.8870142014823
r12,md_beta9,"(16, 8, 4)",tanh,5.0,36.6032798107108
r12,md_beta9,"(16, 8, 4)",tanh,10.0,38.36785761245027
r12,md_beta9,"(24, 12, 6)",tanh,0.5,54.15262611789084
r12,md_beta9,"(24, 12, 6)",tanh,1.0,52.54422022215927
r12,md_beta9,"(24, 12, 6)",tanh,2.0,46.91163668513153
r12,md_beta9,"(24, 12, 6)",tanh,3.0,44.917342231503646
r12,md_beta9,"(24, 12, 6)",tanh,5.0,38.57298147868625
r12,md_beta9,"(24, 12, 6)",tanh,10.0,38.2658238288015
r12,md_full11,"(8,)",tanh,0.5,32.562932965379424
r12,md_full11,"(8,)",tanh,1.0,30.61326308939745
r12,md_full11,"(8,)",tanh,2.0,25.44003090611697
r12,md_full11,"(8,)",tanh,3.0,24.78393746282516
r12,md_full11,"(8,)",tanh,5.0,26.918348034910636
r12,md_full11,"(8,)",tanh,10.0,31.285613063082216
r12,md_full11,"(12,)",tanh,0.5,32.97284916003691
r12,md_full11,"(12,)",tanh,1.0,30.04663788564427
r12,md_full11,"(12,)",tanh,2.0,27.862712714902862
r12,md_full11,"(12,)",tanh,3.0,27.163758479206923
r12,md_full11,"(12,)",tanh,5.0,27.107103200489814
r12,md_full11,"(12,)",tanh,10.0,31.60479712881182
r12,md_full11,"(4, 2)",tanh,0.5,32.31125649796159
r12,md_full11,"(4, 2)",tanh,1.0,34.261375298174485
r12,md_full11,"(4, 2)",tanh,2.0,24.14860178342942
r12,md_full11,"(4, 2)",tanh,3.0,24.290812852667848
r12,md_full11,"(4, 2)",tanh,5.0,27.30782428436172
r12,md_full11,"(4, 2)",tanh,10.0,33.02800476186165
r12,md_full11,"(6, 3)",tanh,0.5,31.58616688079354
r12,md_full11,"(6, 3)",tanh,1.0,32.13357926912256
r12,md_full11,"(6, 3)",tanh,2.0,28.125331908472525
r12,md_full11,"(6, 3)",tanh,3.0,25.842684374782568
r12,md_full11,"(6, 3)",tanh,5.0,24.75723991955771
r12,md_full11,"(6, 3)",tanh,10.0,30.022706843544245
r12,md_full11,"(8, 4)",tanh,0.5,37.327041824799295
r12,md_full11,"(8, 4)",tanh,1.0,32.422096415634485
r12,md_full11,"(8, 4)",tanh,2.0,29.22174440674859
r12,md_full11,"(8, 4)",tanh,3.0,27.32412046186529
r12,md_full11,"(8, 4)",tanh,5.0,25.19903414627701
r12,md_full11,"(8, 4)",tanh,10.0,28.983307616943524
r12,md_full11,"(10, 5)",tanh,0.5,37.03027189067565
r12,md_full11,"(10, 5)",tanh,1.0,36.08209606609024
r12,md_full11,"(10, 5)",tanh,2.0,31.13094657709893
r12,md_full11,"(10, 5)",tanh,3.0,26.952193437891232
r12,md_full11,"(10, 5)",tanh,5.0,25.110261314274844
r12,md_full11,"(10, 5)",tanh,10.0,29.02816133908752
r12,md_full11,"(12, 6)",tanh,0.5,35.60224052859011
r12,md_full11,"(12, 6)",tanh,1.0,33.13022961001901
r12,md_full11,"(12, 6)",tanh,2.0,30.22803212382396
r12,md_full11,"(12, 6)",tanh,3.0,26.963530375197266
r12,md_full11,"(12, 6)",tanh,5.0,25.78422414500083
r12,md_full11,"(12, 6)",tanh,10.0,28.7654809275068
r12,md_full11,"(16, 8)",tanh,0.5,35.524371691897095
r12,md_full11,"(16, 8)",tanh,1.0,34.25070813374313
r12,md_full11,"(16, 8)",tanh,2.0,30.935186225514496
r12,md_full11,"(16, 8)",tanh,3.0,28.394818086398335
r12,md_full11,"(16, 8)",tanh,5.0,26.376623629402054
r12,md_full11,"(16, 8)",tanh,10.0,28.7756319966256
r12,md_full11,"(20, 10)",tanh,0.5,34.53993740435716
r12,md_full11,"(20, 10)",tanh,1.0,36.05679386798185
r12,md_full11,"(20, 10)",tanh,2.0,31.583728631246924
r12,md_full11,"(20, 10)",tanh,3.0,28.240407512200058
r12,md_full11,"(20, 10)",tanh,5.0,25.650465706268758
r12,md_full11,"(20, 10)",tanh,10.0,28.722160759781303
r12,md_full11,"(24, 12)",tanh,0.5,34.683091012257385
r12,md_full11,"(24, 12)",tanh,1.0,34.252002748801246
r12,md_full11,"(24, 12)",tanh,2.0,28.1268466754315
r12,md_full11,"(24, 12)",tanh,3.0,29.31002379902301
r12,md_full11,"(24, 12)",tanh,5.0,25.99949616517181
r12,md_full11,"(24, 12)",tanh,10.0,28.741307130241875
r12,md_full11,"(8, 8)",tanh,0.5,37.06260983785847
r12,md_full11,"(8, 8)",tanh,1.0,35.264209006178405
r12,md_full11,"(8, 8)",tanh,2.0,29.22386772322478
r12,md_full11,"(8, 8)",tanh,3.0,26.917476682903917
r12,md_full11,"(8, 8)",tanh,5.0,26.116959036490343
r12,md_full11,"(8, 8)",tanh,10.0,28.642284627355128
r12,md_full11,"(16, 16)",tanh,0.5,40.27104213780166
r12,md_full11,"(16, 16)",tanh,1.0,37.09095569074535
r12,md_full11,"(16, 16)",tanh,2.0,31.76973563539065
r12,md_full11,"(16, 16)",tanh,3.0,28.80647682622914
r12,md_full11,"(16, 16)",tanh,5.0,26.867960526837045
r12,md_full11,"(16, 16)",tanh,10.0,28.76456118533869
r12,md_full11,"(8, 4, 2)",tanh,0.5,37.61847496778403
r12,md_full11,"(8, 4, 2)",tanh,1.0,31.534173498386867
r12,md_full11,"(8, 4, 2)",tanh,2.0,29.093006911060638
r12,md_full11,"(8, 4, 2)",tanh,3.0,27.90686140788937
r12,md_full11,"(8, 4, 2)",tanh,5.0,25.357774572324463
r12,md_full11,"(8, 4, 2)",tanh,10.0,31.17565980893976
r12,md_full11,"(12, 6, 3)",tanh,0.5,32.02215192859457
r12,md_full11,"(12, 6, 3)",tanh,1.0,33.412528276245666
r12,md_full11,"(12, 6, 3)",tanh,2.0,30.51896550035001
r12,md_full11,"(12, 6, 3)",tanh,3.0,26.581226208616798
r12,md_full11,"(12, 6, 3)",tanh,5.0,25.70208953057925
r12,md_full11,"(12, 6, 3)",tanh,10.0,28.65419969388891
r12,md_full11,"(16, 8, 4)",tanh,0.5,30.647258151719665
r12,md_full11,"(16, 8, 4)",tanh,1.0,33.90907883445315
r12,md_full11,"(16, 8, 4)",tanh,2.0,31.95720179530367
r12,md_full11,"(16, 8, 4)",tanh,3.0,27.34251545064206
r12,md_full11,"(16, 8, 4)",tanh,5.0,23.772112909707065
r12,md_full11,"(16, 8, 4)",tanh,10.0,27.56854218169558
r12,md_full11,"(24, 12, 6)",tanh,0.5,38.576467103478976
r12,md_full11,"(24, 12, 6)",tanh,1.0,35.728963115746446
r12,md_full11,"(24, 12, 6)",tanh,2.0,32.2328472444168
r12,md_full11,"(24, 12, 6)",tanh,3.0,29.11974474171301
r12,md_full11,"(24, 12, 6)",tanh,5.0,24.5516428303276
r12,md_full11,"(24, 12, 6)",tanh,10.0,27.584418447217978
r13,md_zeta9,"(8,)",tanh,0.5,32.392903960568695
r13,md_zeta9,"(8,)",tanh,1.0,26.791132673046583
r13,md_zeta9,"(8,)",tanh,2.0,26.230351218084515
r13,md_zeta9,"(8,)",tanh,3.0,26.0763794549616
r13,md_zeta9,"(8,)",tanh,5.0,28.14581327300531
r13,md_zeta9,"(8,)",tanh,10.0,34.510047923896266
r13,md_zeta9,"(12,)",tanh,0.5,29.112584302707507
r13,md_zeta9,"(12,)",tanh,1.0,29.02279665531001
r13,md_zeta9,"(12,)",tanh,2.0,26.848189555506234
r13,md_zeta9,"(12,)",tanh,3.0,26.291425177981456
r13,md_zeta9,"(12,)",tanh,5.0,28.42775540818941
r13,md_zeta9,"(12,)",tanh,10.0,34.156934850823625
r13,md_zeta9,"(4, 2)",tanh,0.5,26.358934461584703
r13,md_zeta9,"(4, 2)",tanh,1.0,29.043428603342868
r13,md_zeta9,"(4, 2)",tanh,2.0,22.79173491800379
r13,md_zeta9,"(4, 2)",tanh,3.0,23.61081475566751
r13,md_zeta9,"(4, 2)",tanh,5.0,27.861918382709472
r13,md_zeta9,"(4, 2)",tanh,10.0,31.472185838218923
r13,md_zeta9,"(6, 3)",tanh,0.5,28.118057721043535
r13,md_zeta9,"(6, 3)",tanh,1.0,24.84367400664836
r13,md_zeta9,"(6, 3)",tanh,2.0,27.18399671001196
r13,md_zeta9,"(6, 3)",tanh,3.0,24.648754428530623
r13,md_zeta9,"(6, 3)",tanh,5.0,25.04692397905463
r13,md_zeta9,"(6, 3)",tanh,10.0,29.969310069956244
r13,md_zeta9,"(8, 4)",tanh,0.5,29.845829701881303
r13,md_zeta9,"(8, 4)",tanh,1.0,28.904728906183447
r13,md_zeta9,"(8, 4)",tanh,2.0,27.607713492453293
r13,md_zeta9,"(8, 4)",tanh,3.0,24.56315257141726
r13,md_zeta9,"(8, 4)",tanh,5.0,25.00189595722097
r13,md_zeta9,"(8, 4)",tanh,10.0,31.15457832405584
r13,md_zeta9,"(10, 5)",tanh,0.5,31.110291013909148
r13,md_zeta9,"(10, 5)",tanh,1.0,30.17058601984477
r13,md_zeta9,"(10, 5)",tanh,2.0,27.39781721595113
r13,md_zeta9,"(10, 5)",tanh,3.0,25.76809543126863
r13,md_zeta9,"(10, 5)",tanh,5.0,25.254506485410875
r13,md_zeta9,"(10, 5)",tanh,10.0,29.691026588224325
r13,md_zeta9,"(12, 6)",tanh,0.5,31.2860093594847
r13,md_zeta9,"(12, 6)",tanh,1.0,28.802611412148337
r13,md_zeta9,"(12, 6)",tanh,2.0,28.41541396322623
r13,md_zeta9,"(12, 6)",tanh,3.0,26.891871650681548
r13,md_zeta9,"(12, 6)",tanh,5.0,24.88690065201734
r13,md_zeta9,"(12, 6)",tanh,10.0,29.592420961634627
r13,md_zeta9,"(16, 8)",tanh,0.5,30.03365052803665
r13,md_zeta9,"(16, 8)",tanh,1.0,27.908074766666005
r13,md_zeta9,"(16, 8)",tanh,2.0,27.189221850026787
r13,md_zeta9,"(16, 8)",tanh,3.0,26.780946035639957
r13,md_zeta9,"(16, 8)",tanh,5.0,25.18171216733338
r13,md_zeta9,"(16, 8)",tanh,10.0,29.429135785356426
r13,md_zeta9,"(20, 10)",tanh,0.5,30.494306660177017
r13,md_zeta9,"(20, 10)",tanh,1.0,29.856000814638666
r13,md_zeta9,"(20, 10)",tanh,2.0,28.474368253298724
r13,md_zeta9,"(20, 10)",tanh,3.0,27.45338702007418
r13,md_zeta9,"(20, 10)",tanh,5.0,25.001779746824933
r13,md_zeta9,"(20, 10)",tanh,10.0,29.51361757883323
r13,md_zeta9,"(24, 12)",tanh,0.5,29.853332726383133
r13,md_zeta9,"(24, 12)",tanh,1.0,29.180054793264127
r13,md_zeta9,"(24, 12)",tanh,2.0,28.53268593802252
r13,md_zeta9,"(24, 12)",tanh,3.0,27.581908596006247
r13,md_zeta9,"(24, 12)",tanh,5.0,24.856084481791896
r13,md_zeta9,"(24, 12)",tanh,10.0,29.56107095769328
r13,md_zeta9,"(8, 8)",tanh,0.5,34.268272474872084
r13,md_zeta9,"(8, 8)",tanh,1.0,28.302971499401146
r13,md_zeta9,"(8, 8)",tanh,2.0,27.86392130820385
r13,md_zeta9,"(8, 8)",tanh,3.0,26.2622007609638
r13,md_zeta9,"(8, 8)",tanh,5.0,24.98384240531856
r13,md_zeta9,"(8, 8)",tanh,10.0,29.43641692174258
r13,md_zeta9,"(16, 16)",tanh,0.5,31.52158990665759
r13,md_zeta9,"(16, 16)",tanh,1.0,28.526457484010315
r13,md_zeta9,"(16, 16)",tanh,2.0,28.299421216488355
r13,md_zeta9,"(16, 16)",tanh,3.0,27.106295136566636
r13,md_zeta9,"(16, 16)",tanh,5.0,25.46234864473437
r13,md_zeta9,"(16, 16)",tanh,10.0,29.531359838464777
r13,md_zeta9,"(8, 4, 2)",tanh,0.5,29.144932967123328
r13,md_zeta9,"(8, 4, 2)",tanh,1.0,25.205789103957887
r13,md_zeta9,"(8, 4, 2)",tanh,2.0,25.1383925666056
r13,md_zeta9,"(8, 4, 2)",tanh,3.0,24.765195371140937
r13,md_zeta9,"(8, 4, 2)",tanh,5.0,25.61700156693633
r13,md_zeta9,"(8, 4, 2)",tanh,10.0,28.10332571072214
r13,md_zeta9,"(12, 6, 3)",tanh,0.5,27.881422476142934
r13,md_zeta9,"(12, 6, 3)",tanh,1.0,28.099441655385505
r13,md_zeta9,"(12, 6, 3)",tanh,2.0,27.331728298812585
r13,md_zeta9,"(12, 6, 3)",tanh,3.0,25.98806648592653
r13,md_zeta9,"(12, 6, 3)",tanh,5.0,25.01580752121058
r13,md_zeta9,"(12, 6, 3)",tanh,10.0,27.969304864795653
r13,md_zeta9,"(16, 8, 4)",tanh,0.5,32.70453149003811
r13,md_zeta9,"(16, 8, 4)",tanh,1.0,27.27637544735527
r13,md_zeta9,"(16, 8, 4)",tanh,2.0,27.551212261252783
r13,md_zeta9,"(16, 8, 4)",tanh,3.0,26.28094619244866
r13,md_zeta9,"(16, 8, 4)",tanh,5.0,24.469068414919768
r13,md_zeta9,"(16, 8, 4)",tanh,10.0,29.201135911042165
r13,md_zeta9,"(24, 12, 6)",tanh,0.5,29.60814359398232
r13,md_zeta9,"(24, 12, 6)",tanh,1.0,29.40067758326953
r13,md_zeta9,"(24, 12, 6)",tanh,2.0,28.13483258317396
r13,md_zeta9,"(24, 12, 6)",tanh,3.0,26.933306739508037
r13,md_zeta9,"(24, 12, 6)",tanh,5.0,24.903118017132147
r13,md_zeta9,"(24, 12, 6)",tanh,10.0,26.90933201871616
r13,md_beta9,"(8,)",tanh,0.5,51.13061264734839
r13,md_beta9,"(8,)",tanh,1.0,47.792947624385086
r13,md_beta9,"(8,)",tanh,2.0,46.40738307771456
r13,md_beta9,"(8,)",tanh,3.0,39.34595970460729
r13,md_beta9,"(8,)",tanh,5.0,37.76256216239472
r13,md_beta9,"(8,)",tanh,10.0,38.27458915527343
r13,md_beta9,"(12,)",tanh,0.5,53.66339759622768
r13,md_beta9,"(12,)",tanh,1.0,47.18575958933458
r13,md_beta9,"(12,)",tanh,2.0,43.11807394574613
r13,md_beta9,"(12,)",tanh,3.0,40.27069901074278
r13,md_beta9,"(12,)",tanh,5.0,37.781363816219496
r13,md_beta9,"(12,)",tanh,10.0,38.67455342047489
r13,md_beta9,"(4, 2)",tanh,0.5,41.3670826880461
r13,md_beta9,"(4, 2)",tanh,1.0,42.79301072773763
r13,md_beta9,"(4, 2)",tanh,2.0,36.21612481480884
r13,md_beta9,"(4, 2)",tanh,3.0,35.17321173587523
r13,md_beta9,"(4, 2)",tanh,5.0,38.53097780967268
r13,md_beta9,"(4, 2)",tanh,10.0,39.0911250654917
r13,md_beta9,"(6, 3)",tanh,0.5,52.01901850417081
r13,md_beta9,"(6, 3)",tanh,1.0,45.64562442824649
r13,md_beta9,"(6, 3)",tanh,2.0,44.98935289173795
r13,md_beta9,"(6, 3)",tanh,3.0,40.87257574475848
r13,md_beta9,"(6, 3)",tanh,5.0,38.15711365761253
r13,md_beta9,"(6, 3)",tanh,10.0,38.29426039313815
r13,md_beta9,"(8, 4)",tanh,0.5,54.129308089585926
r13,md_beta9,"(8, 4)",tanh,1.0,44.002030973508816
r13,md_beta9,"(8, 4)",tanh,2.0,46.71022593674491
r13,md_beta9,"(8, 4)",tanh,3.0,42.72223730488192
r13,md_beta9,"(8, 4)",tanh,5.0,38.11517381634264
r13,md_beta9,"(8, 4)",tanh,10.0,37.71242805552196
r13,md_beta9,"(10, 5)",tanh,0.5,53.02202798167059
r13,md_beta9,"(10, 5)",tanh,1.0,51.455351273929445
r13,md_beta9,"(10, 5)",tanh,2.0,49.975021195528186
r13,md_beta9,"(10, 5)",tanh,3.0,41.04363417195075
r13,md_beta9,"(10, 5)",tanh,5.0,36.708212546886486
r13,md_beta9,"(10, 5)",tanh,10.0,37.311535401954536
r13,md_beta9,"(12, 6)",tanh,0.5,58.79858103702048
r13,md_beta9,"(12, 6)",tanh,1.0,50.00616088686586
r13,md_beta9,"(12, 6)",tanh,2.0,49.99842305194368
r13,md_beta9,"(12, 6)",tanh,3.0,44.42377255742243
r13,md_beta9,"(12, 6)",tanh,5.0,38.28285713667081
r13,md_beta9,"(12, 6)",tanh,10.0,37.53710187115611
r13,md_beta9,"(16, 8)",tanh,0.5,55.7207671329733
r13,md_beta9,"(16, 8)",tanh,1.0,59.16338512013125
r13,md_beta9,"(16, 8)",tanh,2.0,51.499049243240734
r13,md_beta9,"(16, 8)",tanh,3.0,44.91664776153712
r13,md_beta9,"(16, 8)",tanh,5.0,38.44315029887182
r13,md_beta9,"(16, 8)",tanh,10.0,37.57106377087396
r13,md_beta9,"(20, 10)",tanh,0.5,54.992745105464245
r13,md_beta9,"(20, 10)",tanh,1.0,52.1144683563518
r13,md_beta9,"(20, 10)",tanh,2.0,50.86358959061359
r13,md_beta9,"(20, 10)",tanh,3.0,46.339930317338975
r13,md_beta9,"(20, 10)",tanh,5.0,40.77589424020856
r13,md_beta9,"(20, 10)",tanh,10.0,38.07491825142976
r13,md_beta9,"(24, 12)",tanh,0.5,59.17758862452952
r13,md_beta9,"(24, 12)",tanh,1.0,54.7758419252473
r13,md_beta9,"(24, 12)",tanh,2.0,49.76167192754981
r13,md_beta9,"(24, 12)",tanh,3.0,48.9313884230904
r13,md_beta9,"(24, 12)",tanh,5.0,40.51115084526247
r13,md_beta9,"(24, 12)",tanh,10.0,38.73106742536287
r13,md_beta9,"(8, 8)",tanh,0.5,59.30034497452791
r13,md_beta9,"(8, 8)",tanh,1.0,55.94291096308949
r13,md_beta9,"(8, 8)",tanh,2.0,50.35664604456464
r13,md_beta9,"(8, 8)",tanh,3.0,40.85869209880227
r13,md_beta9,"(8, 8)",tanh,5.0,38.21849182457964
r13,md_beta9,"(8, 8)",tanh,10.0,37.69403616384448
r13,md_beta9,"(16, 16)",tanh,0.5,59.67792712093028
r13,md_beta9,"(16, 16)",tanh,1.0,55.33184721166297
r13,md_beta9,"(16, 16)",tanh,2.0,47.54514096014587
r13,md_beta9,"(16, 16)",tanh,3.0,47.71109780581899
r13,md_beta9,"(16, 16)",tanh,5.0,41.34801240648839
r13,md_beta9,"(16, 16)",tanh,10.0,38.29960713005581
r13,md_beta9,"(8, 4, 2)",tanh,0.5,42.779987532932914
r13,md_beta9,"(8, 4, 2)",tanh,1.0,47.420106268123256
r13,md_beta9,"(8, 4, 2)",tanh,2.0,42.5988214989823
r13,md_beta9,"(8, 4, 2)",tanh,3.0,36.42150954479797
r13,md_beta9,"(8, 4, 2)",tanh,5.0,36.89756860789902
r13,md_beta9,"(8, 4, 2)",tanh,10.0,39.00481798831426
r13,md_beta9,"(12, 6, 3)",tanh,0.5,52.4108450011347
r13,md_beta9,"(12, 6, 3)",tanh,1.0,51.4824160389564
r13,md_beta9,"(12, 6, 3)",tanh,2.0,44.020585864504326
r13,md_beta9,"(12, 6, 3)",tanh,3.0,41.525171395839415
r13,md_beta9,"(12, 6, 3)",tanh,5.0,38.577830078551145
r13,md_beta9,"(12, 6, 3)",tanh,10.0,39.12077688443768
r13,md_beta9,"(16, 8, 4)",tanh,0.5,54.63655463475321
r13,md_beta9,"(16, 8, 4)",tanh,1.0,51.17955228735384
r13,md_beta9,"(16, 8, 4)",tanh,2.0,46.36673554734212
r13,md_beta9,"(16, 8, 4)",tanh,3.0,42.77752703330674
r13,md_beta9,"(16, 8, 4)",tanh,5.0,38.51725141612
r13,md_beta9,"(16, 8, 4)",tanh,10.0,37.20207233023797
r13,md_beta9,"(24, 12, 6)",tanh,0.5,55.66114493619504
r13,md_beta9,"(24, 12, 6)",tanh,1.0,56.6172232075897
r13,md_beta9,"(24, 12, 6)",tanh,2.0,53.89040052047815
r13,md_beta9,"(24, 12, 6)",tanh,3.0,44.551926964617806
r13,md_beta9,"(24, 12, 6)",tanh,5.0,40.41027042240411
r13,md_beta9,"(24, 12, 6)",tanh,10.0,37.422706818870445
r13,md_full11,"(8,)",tanh,0.5,31.36487663378987
r13,md_full11,"(8,)",tanh,1.0,30.41827340999096
r13,md_full11,"(8,)",tanh,2.0,28.951378820683253
r13,md_full11,"(8,)",tanh,3.0,26.70098378478085
r13,md_full11,"(8,)",tanh,5.0,26.33175850637154
r13,md_full11,"(8,)",tanh,10.0,30.06634750708028
r13,md_full11,"(12,)",tanh,0.5,29.356260263284703
r13,md_full11,"(12,)",tanh,1.0,28.582155358205824
r13,md_full11,"(12,)",tanh,2.0,28.528166113180227
r13,md_full11,"(12,)",tanh,3.0,27.12638086731357
r13,md_full11,"(12,)",tanh,5.0,26.511458906971438
r13,md_full11,"(12,)",tanh,10.0,30.16524257967588
r13,md_full11,"(4, 2)",tanh,0.5,37.09840277292163
r13,md_full11,"(4, 2)",tanh,1.0,41.04125619021791
r13,md_full11,"(4, 2)",tanh,2.0,24.57169557860547
r13,md_full11,"(4, 2)",tanh,3.0,25.009202480042163
r13,md_full11,"(4, 2)",tanh,5.0,26.52956258012165
r13,md_full11,"(4, 2)",tanh,10.0,30.5521173306488
r13,md_full11,"(6, 3)",tanh,0.5,29.292162914139062
r13,md_full11,"(6, 3)",tanh,1.0,28.55811862278411
r13,md_full11,"(6, 3)",tanh,2.0,25.68240196578804
r13,md_full11,"(6, 3)",tanh,3.0,24.507493455525587
r13,md_full11,"(6, 3)",tanh,5.0,24.071299499062476
r13,md_full11,"(6, 3)",tanh,10.0,28.33785103639509
r13,md_full11,"(8, 4)",tanh,0.5,34.59644904487416
r13,md_full11,"(8, 4)",tanh,1.0,31.790784900278407
r13,md_full11,"(8, 4)",tanh,2.0,26.80922585310578
r13,md_full11,"(8, 4)",tanh,3.0,25.084036349563185
r13,md_full11,"(8, 4)",tanh,5.0,24.933065127606216
r13,md_full11,"(8, 4)",tanh,10.0,27.624279672632447
r13,md_full11,"(10, 5)",tanh,0.5,32.06425684615034
r13,md_full11,"(10, 5)",tanh,1.0,30.82700790282325
r13,md_full11,"(10, 5)",tanh,2.0,27.246912537157243
r13,md_full11,"(10, 5)",tanh,3.0,25.49379941389649
r13,md_full11,"(10, 5)",tanh,5.0,24.971900487047677
r13,md_full11,"(10, 5)",tanh,10.0,27.7270968384092
r13,md_full11,"(12, 6)",tanh,0.5,31.33520700835001
r13,md_full11,"(12, 6)",tanh,1.0,28.45634848834821
r13,md_full11,"(12, 6)",tanh,2.0,26.80589517031905
r13,md_full11,"(12, 6)",tanh,3.0,25.678478996876475
r13,md_full11,"(12, 6)",tanh,5.0,25.4428679240222
r13,md_full11,"(12, 6)",tanh,10.0,27.32954523118976
r13,md_full11,"(16, 8)",tanh,0.5,32.087006478882294
r13,md_full11,"(16, 8)",tanh,1.0,29.268834135602464
r13,md_full11,"(16, 8)",tanh,2.0,29.191616066725896
r13,md_full11,"(16, 8)",tanh,3.0,27.253237704044693
r13,md_full11,"(16, 8)",tanh,5.0,25.91317643233806
r13,md_full11,"(16, 8)",tanh,10.0,27.384983313850256
r13,md_full11,"(20, 10)",tanh,0.5,30.834985525103008
r13,md_full11,"(20, 10)",tanh,1.0,31.304492252243147
r13,md_full11,"(20, 10)",tanh,2.0,29.904884044293112
r13,md_full11,"(20, 10)",tanh,3.0,27.6677261016848
r13,md_full11,"(20, 10)",tanh,5.0,25.872646156282837
r13,md_full11,"(20, 10)",tanh,10.0,27.363502820464657
r13,md_full11,"(24, 12)",tanh,0.5,32.41854538173754
r13,md_full11,"(24, 12)",tanh,1.0,31.548779865147043
r13,md_full11,"(24, 12)",tanh,2.0,28.06330933788688
r13,md_full11,"(24, 12)",tanh,3.0,27.195995896764902
r13,md_full11,"(24, 12)",tanh,5.0,26.03753696210812
r13,md_full11,"(24, 12)",tanh,10.0,27.406673908807505
r13,md_full11,"(8, 8)",tanh,0.5,37.051607599022304
r13,md_full11,"(8, 8)",tanh,1.0,30.13065844325164
r13,md_full11,"(8, 8)",tanh,2.0,26.901040206094887
r13,md_full11,"(8, 8)",tanh,3.0,26.425969230072702
r13,md_full11,"(8, 8)",tanh,5.0,25.64131617211954
r13,md_full11,"(8, 8)",tanh,10.0,27.333543237703594
r13,md_full11,"(16, 16)",tanh,0.5,30.625386354987832
r13,md_full11,"(16, 16)",tanh,1.0,29.0865892459267
r13,md_full11,"(16, 16)",tanh,2.0,28.9699206407358
r13,md_full11,"(16, 16)",tanh,3.0,28.012655721344863
r13,md_full11,"(16, 16)",tanh,5.0,26.642085604854355
r13,md_full11,"(16, 16)",tanh,10.0,27.481088977658025
r13,md_full11,"(8, 4, 2)",tanh,0.5,27.89405113826512
r13,md_full11,"(8, 4, 2)",tanh,1.0,28.14865395571137
r13,md_full11,"(8, 4, 2)",tanh,2.0,27.833500536462907
r13,md_full11,"(8, 4, 2)",tanh,3.0,21.93284823435316
r13,md_full11,"(8, 4, 2)",tanh,5.0,23.47578652044957
r13,md_full11,"(8, 4, 2)",tanh,10.0,29.404000347017888
r13,md_full11,"(12, 6, 3)",tanh,0.5,35.19804769879242
r13,md_full11,"(12, 6, 3)",tanh,1.0,27.834223206136567
r13,md_full11,"(12, 6, 3)",tanh,2.0,25.93645525679105
r13,md_full11,"(12, 6, 3)",tanh,3.0,23.562541639136903
r13,md_full11,"(12, 6, 3)",tanh,5.0,24.178730211300568
r13,md_full11,"(12, 6, 3)",tanh,10.0,26.610900049197262
r13,md_full11,"(16, 8, 4)",tanh,0.5,28.18351530619297
r13,md_full11,"(16, 8, 4)",tanh,1.0,32.55737537123396
r13,md_full11,"(16, 8, 4)",tanh,2.0,25.566574945442603
r13,md_full11,"(16, 8, 4)",tanh,3.0,26.26115755229957
r13,md_full11,"(16, 8, 4)",tanh,5.0,23.661845483469847
r13,md_full11,"(16, 8, 4)",tanh,10.0,26.30406038866904
r13,md_full11,"(24, 12, 6)",tanh,0.5,31.79420123643796
r13,md_full11,"(24, 12, 6)",tanh,1.0,32.05271930298403
r13,md_full11,"(24, 12, 6)",tanh,2.0,29.455122450525227
r13,md_full11,"(24, 12, 6)",tanh,3.0,27.807731561195222
r13,md_full11,"(24, 12, 6)",tanh,5.0,24.28421447582773
r13,md_full11,"(24, 12, 6)",tanh,10.0,26.016936255745826
r14,md_zeta9,"(8,)",tanh,0.5,31.956339617343268
r14,md_zeta9,"(8,)",tanh,1.0,29.607206454560195
r14,md_zeta9,"(8,)",tanh,2.0,27.456926839776248
r14,md_zeta9,"(8,)",tanh,3.0,27.61090564353093
r14,md_zeta9,"(8,)",tanh,5.0,29.31027056180333
r14,md_zeta9,"(8,)",tanh,10.0,34.88585805775084
r14,md_zeta9,"(12,)",tanh,0.5,31.41458259633786
r14,md_zeta9,"(12,)",tanh,1.0,30.010613229334588
r14,md_zeta9,"(12,)",tanh,2.0,27.958263007644785
r14,md_zeta9,"(12,)",tanh,3.0,27.89081544675215
r14,md_zeta9,"(12,)",tanh,5.0,29.54504420134869
r14,md_zeta9,"(12,)",tanh,10.0,35.04451775540299
r14,md_zeta9,"(4, 2)",tanh,0.5,29.715555131191863
r14,md_zeta9,"(4, 2)",tanh,1.0,31.788101900881525
r14,md_zeta9,"(4, 2)",tanh,2.0,28.146650156897863
r14,md_zeta9,"(4, 2)",tanh,3.0,29.182992325785733
r14,md_zeta9,"(4, 2)",tanh,5.0,30.34527756692212
r14,md_zeta9,"(4, 2)",tanh,10.0,32.951827749720394
r14,md_zeta9,"(6, 3)",tanh,0.5,31.767020386367648
r14,md_zeta9,"(6, 3)",tanh,1.0,26.98324320424124
r14,md_zeta9,"(6, 3)",tanh,2.0,27.54956033176957
r14,md_zeta9,"(6, 3)",tanh,3.0,25.151457926763225
r14,md_zeta9,"(6, 3)",tanh,5.0,27.47926988435161
r14,md_zeta9,"(6, 3)",tanh,10.0,32.478275067681295
r14,md_zeta9,"(8, 4)",tanh,0.5,32.83575765066234
r14,md_zeta9,"(8, 4)",tanh,1.0,28.52346653953194
r14,md_zeta9,"(8, 4)",tanh,2.0,27.58060108141648
r14,md_zeta9,"(8, 4)",tanh,3.0,26.609474898010703
r14,md_zeta9,"(8, 4)",tanh,5.0,26.05953174053048
r14,md_zeta9,"(8, 4)",tanh,10.0,32.071157362873855
r14,md_zeta9,"(10, 5)",tanh,0.5,31.053427833781427
r14,md_zeta9,"(10, 5)",tanh,1.0,29.641910279558168
r14,md_zeta9,"(10, 5)",tanh,2.0,26.722206524115013
r14,md_zeta9,"(10, 5)",tanh,3.0,25.513031155323308
r14,md_zeta9,"(10, 5)",tanh,5.0,26.331766097097567
r14,md_zeta9,"(10, 5)",tanh,10.0,32.108759433370444
r14,md_zeta9,"(12, 6)",tanh,0.5,32.04309065038757
r14,md_zeta9,"(12, 6)",tanh,1.0,31.52443572650559
r14,md_zeta9,"(12, 6)",tanh,2.0,27.851490489576868
r14,md_zeta9,"(12, 6)",tanh,3.0,26.816275558040605
r14,md_zeta9,"(12, 6)",tanh,5.0,27.200170413687864
r14,md_zeta9,"(12, 6)",tanh,10.0,32.0325902376454
r14,md_zeta9,"(16, 8)",tanh,0.5,31.719340234186436
r14,md_zeta9,"(16, 8)",tanh,1.0,28.14934144577517
r14,md_zeta9,"(16, 8)",tanh,2.0,26.88623937470317
r14,md_zeta9,"(16, 8)",tanh,3.0,27.32467400644456
r14,md_zeta9,"(16, 8)",tanh,5.0,26.96682799624453
r14,md_zeta9,"(16, 8)",tanh,10.0,31.107063534752783
r14,md_zeta9,"(20, 10)",tanh,0.5,31.751984905490065
r14,md_zeta9,"(20, 10)",tanh,1.0,29.88017638815388
r14,md_zeta9,"(20, 10)",tanh,2.0,27.604146357001376
r14,md_zeta9,"(20, 10)",tanh,3.0,27.144431436624117
r14,md_zeta9,"(20, 10)",tanh,5.0,27.53989881536676
r14,md_zeta9,"(20, 10)",tanh,10.0,31.66467061714302
r14,md_zeta9,"(24, 12)",tanh,0.5,34.89583848016807
r14,md_zeta9,"(24, 12)",tanh,1.0,28.399877755249506
r14,md_zeta9,"(24, 12)",tanh,2.0,27.443507631672578
r14,md_zeta9,"(24, 12)",tanh,3.0,27.74014060554119
r14,md_zeta9,"(24, 12)",tanh,5.0,26.713875379790853
r14,md_zeta9,"(24, 12)",tanh,10.0,31.467987414249286
r14,md_zeta9,"(8, 8)",tanh,0.5,37.22668416843173
r14,md_zeta9,"(8, 8)",tanh,1.0,33.07819939932644
r14,md_zeta9,"(8, 8)",tanh,2.0,28.60925963423677
r14,md_zeta9,"(8, 8)",tanh,3.0,26.85128565204862
r14,md_zeta9,"(8, 8)",tanh,5.0,26.32400131403076
r14,md_zeta9,"(8, 8)",tanh,10.0,30.5993996507218
r14,md_zeta9,"(16, 16)",tanh,0.5,29.4145209162288
r14,md_zeta9,"(16, 16)",tanh,1.0,29.41314473202808
r14,md_zeta9,"(16, 16)",tanh,2.0,27.442449591491584
r14,md_zeta9,"(16, 16)",tanh,3.0,27.340544672851
r14,md_zeta9,"(16, 16)",tanh,5.0,28.270697139831395
r14,md_zeta9,"(16, 16)",tanh,10.0,31.857798011022084
r14,md_zeta9,"(8, 4, 2)",tanh,0.5,31.16188531440257
r14,md_zeta9,"(8, 4, 2)",tanh,1.0,27.991988314756497
r14,md_zeta9,"(8, 4, 2)",tanh,2.0,25.40227764403931
r14,md_zeta9,"(8, 4, 2)",tanh,3.0,26.62529270212773
r14,md_zeta9,"(8, 4, 2)",tanh,5.0,27.068754147919
r14,md_zeta9,"(8, 4, 2)",tanh,10.0,31.16856058503622
r14,md_zeta9,"(12, 6, 3)",tanh,0.5,32.3115618741639
r14,md_zeta9,"(12, 6, 3)",tanh,1.0,29.684146679737147
r14,md_zeta9,"(12, 6, 3)",tanh,2.0,26.91245283419449
r14,md_zeta9,"(12, 6, 3)",tanh,3.0,28.246969118536796
r14,md_zeta9,"(12, 6, 3)",tanh,5.0,26.8784954036495
r14,md_zeta9,"(12, 6, 3)",tanh,10.0,31.23811773720875
r14,md_zeta9,"(16, 8, 4)",tanh,0.5,33.592271296404235
r14,md_zeta9,"(16, 8, 4)",tanh,1.0,30.900748024295275
r14,md_zeta9,"(16, 8, 4)",tanh,2.0,28.50934075406932
r14,md_zeta9,"(16, 8, 4)",tanh,3.0,27.86751575966145
r14,md_zeta9,"(16, 8, 4)",tanh,5.0,26.06024127080733
r14,md_zeta9,"(16, 8, 4)",tanh,10.0,31.441062619915776
r14,md_zeta9,"(24, 12, 6)",tanh,0.5,35.55400092936489
r14,md_zeta9,"(24, 12, 6)",tanh,1.0,28.4291018260072
r14,md_zeta9,"(24, 12, 6)",tanh,2.0,29.053444873486026
r14,md_zeta9,"(24, 12, 6)",tanh,3.0,27.553050312169358
r14,md_zeta9,"(24, 12, 6)",tanh,5.0,26.362359567858757
r14,md_zeta9,"(24, 12, 6)",tanh,10.0,31.150225267869224
r14,md_beta9,"(8,)",tanh,0.5,52.726276362439606
r14,md_beta9,"(8,)",tanh,1.0,46.94626482280198
r14,md_beta9,"(8,)",tanh,2.0,42.70058450505879
r14,md_beta9,"(8,)",tanh,3.0,38.80530639873983
r14,md_beta9,"(8,)",tanh,5.0,38.16287530379519
r14,md_beta9,"(8,)",tanh,10.0,38.57846463765073
r14,md_beta9,"(12,)",tanh,0.5,48.503862654369605
r14,md_beta9,"(12,)",tanh,1.0,46.87688319455639
r14,md_beta9,"(12,)",tanh,2.0,42.534263176793424
r14,md_beta9,"(12,)",tanh,3.0,38.68437837976747
r14,md_beta9,"(12,)",tanh,5.0,37.32560519468912
r14,md_beta9,"(12,)",tanh,10.0,38.56463909258485
r14,md_beta9,"(4, 2)",tanh,0.5,45.735912269631456
r14,md_beta9,"(4, 2)",tanh,1.0,45.16421103495685
r14,md_beta9,"(4, 2)",tanh,2.0,43.81072299127928
r14,md_beta9,"(4, 2)",tanh,3.0,36.73082696294725
r14,md_beta9,"(4, 2)",tanh,5.0,35.89382324151686
r14,md_beta9,"(4, 2)",tanh,10.0,38.17174101326368
r14,md_beta9,"(6, 3)",tanh,0.5,48.712126959343685
r14,md_beta9,"(6, 3)",tanh,1.0,41.81362715298762
r14,md_beta9,"(6, 3)",tanh,2.0,45.18685407677427
r14,md_beta9,"(6, 3)",tanh,3.0,42.22843940613527
r14,md_beta9,"(6, 3)",tanh,5.0,39.0872772434312
r14,md_beta9,"(6, 3)",tanh,10.0,39.60971405024018
r14,md_beta9,"(8, 4)",tanh,0.5,52.07138874589619
r14,md_beta9,"(8, 4)",tanh,1.0,53.26121783871829
r14,md_beta9,"(8, 4)",tanh,2.0,50.64181650229698
r14,md_beta9,"(8, 4)",tanh,3.0,47.08760959587743
r14,md_beta9,"(8, 4)",tanh,5.0,39.793370416406205
r14,md_beta9,"(8, 4)",tanh,10.0,37.9277299147161
r14,md_beta9,"(10, 5)",tanh,0.5,55.10686812995542
r14,md_beta9,"(10, 5)",tanh,1.0,55.24470386657326
r14,md_beta9,"(10, 5)",tanh,2.0,55.07624385380329
r14,md_beta9,"(10, 5)",tanh,3.0,46.33233229328591
r14,md_beta9,"(10, 5)",tanh,5.0,39.1505107752947
r14,md_beta9,"(10, 5)",tanh,10.0,37.75610871076499
r14,md_beta9,"(12, 6)",tanh,0.5,66.29909895280244
r14,md_beta9,"(12, 6)",tanh,1.0,54.38865857370159
r14,md_beta9,"(12, 6)",tanh,2.0,49.352060736689324
r14,md_beta9,"(12, 6)",tanh,3.0,46.94352678396879
r14,md_beta9,"(12, 6)",tanh,5.0,39.64015501772182
r14,md_beta9,"(12, 6)",tanh,10.0,37.82884450239838
r14,md_beta9,"(16, 8)",tanh,0.5,60.931854553290485
r14,md_beta9,"(16, 8)",tanh,1.0,59.80323473759828
r14,md_beta9,"(16, 8)",tanh,2.0,52.14482749003925
r14,md_beta9,"(16, 8)",tanh,3.0,49.728784194902495
r14,md_beta9,"(16, 8)",tanh,5.0,40.388710962507616
r14,md_beta9,"(16, 8)",tanh,10.0,37.44640438250063
r14,md_beta9,"(20, 10)",tanh,0.5,52.005523397007
r14,md_beta9,"(20, 10)",tanh,1.0,59.45709429720663
r14,md_beta9,"(20, 10)",tanh,2.0,53.82099903977875
r14,md_beta9,"(20, 10)",tanh,3.0,47.83938221151017
r14,md_beta9,"(20, 10)",tanh,5.0,41.30685994014567
r14,md_beta9,"(20, 10)",tanh,10.0,37.21191179217558
r14,md_beta9,"(24, 12)",tanh,0.5,59.06079133280184
r14,md_beta9,"(24, 12)",tanh,1.0,54.82982717658761
r14,md_beta9,"(24, 12)",tanh,2.0,51.10917104808162
r14,md_beta9,"(24, 12)",tanh,3.0,54.11266614136995
r14,md_beta9,"(24, 12)",tanh,5.0,41.321214055869966
r14,md_beta9,"(24, 12)",tanh,10.0,38.05221257779611
r14,md_beta9,"(8, 8)",tanh,0.5,53.80750388753973
r14,md_beta9,"(8, 8)",tanh,1.0,58.54095736726232
r14,md_beta9,"(8, 8)",tanh,2.0,53.15635426405652
r14,md_beta9,"(8, 8)",tanh,3.0,46.96062056282441
r14,md_beta9,"(8, 8)",tanh,5.0,39.88794854370296
r14,md_beta9,"(8, 8)",tanh,10.0,37.85159250478355
r14,md_beta9,"(16, 16)",tanh,0.5,61.06651551900438
r14,md_beta9,"(16, 16)",tanh,1.0,57.34387823698582
r14,md_beta9,"(16, 16)",tanh,2.0,54.07753634962275
r14,md_beta9,"(16, 16)",tanh,3.0,51.2934261533068
r14,md_beta9,"(16, 16)",tanh,5.0,40.304222944318695
r14,md_beta9,"(16, 16)",tanh,10.0,37.3033710060174
r14,md_beta9,"(8, 4, 2)",tanh,0.5,51.73211862310622
r14,md_beta9,"(8, 4, 2)",tanh,1.0,57.52433488989085
r14,md_beta9,"(8, 4, 2)",tanh,2.0,43.303627290195536
r14,md_beta9,"(8, 4, 2)",tanh,3.0,43.85303906824891
r14,md_beta9,"(8, 4, 2)",tanh,5.0,39.63569151237249
r14,md_beta9,"(8, 4, 2)",tanh,10.0,39.62250916241737
r14,md_beta9,"(12, 6, 3)",tanh,0.5,57.31692948316661
r14,md_beta9,"(12, 6, 3)",tanh,1.0,55.71519629778063
r14,md_beta9,"(12, 6, 3)",tanh,2.0,50.33212784926021
r14,md_beta9,"(12, 6, 3)",tanh,3.0,42.7659188226744
r14,md_beta9,"(12, 6, 3)",tanh,5.0,41.60653597152178
r14,md_beta9,"(12, 6, 3)",tanh,10.0,39.7455109214746
r14,md_beta9,"(16, 8, 4)",tanh,0.5,54.53109726178603
r14,md_beta9,"(16, 8, 4)",tanh,1.0,62.54530535516911
r14,md_beta9,"(16, 8, 4)",tanh,2.0,48.63157718200577
r14,md_beta9,"(16, 8, 4)",tanh,3.0,46.622136661640525
r14,md_beta9,"(16, 8, 4)",tanh,5.0,41.05534835442143
r14,md_beta9,"(16, 8, 4)",tanh,10.0,37.823036337366446
r14,md_beta9,"(24, 12, 6)",tanh,0.5,53.23455697455595
r14,md_beta9,"(24, 12, 6)",tanh,1.0,60.15590797628035
r14,md_beta9,"(24, 12, 6)",tanh,2.0,56.37756689766476
r14,md_beta9,"(24, 12, 6)",tanh,3.0,49.84557599075745
r14,md_beta9,"(24, 12, 6)",tanh,5.0,43.490028047096686
r14,md_beta9,"(24, 12, 6)",tanh,10.0,37.75767792058049
r14,md_full11,"(8,)",tanh,0.5,31.952364269684903
r14,md_full11,"(8,)",tanh,1.0,31.137613168018305
r14,md_full11,"(8,)",tanh,2.0,28.478731417014178
r14,md_full11,"(8,)",tanh,3.0,28.74633577619993
r14,md_full11,"(8,)",tanh,5.0,27.870315129381463
r14,md_full11,"(8,)",tanh,10.0,31.261059178211333
r14,md_full11,"(12,)",tanh,0.5,33.699112263985526
r14,md_full11,"(12,)",tanh,1.0,30.497336676325023
r14,md_full11,"(12,)",tanh,2.0,28.845905465010517
r14,md_full11,"(12,)",tanh,3.0,28.980775168768048
r14,md_full11,"(12,)",tanh,5.0,27.89830693141632
r14,md_full11,"(12,)",tanh,10.0,31.488032775634128
r14,md_full11,"(4, 2)",tanh,0.5,31.80829091717399
r14,md_full11,"(4, 2)",tanh,1.0,41.54514669370726
r14,md_full11,"(4, 2)",tanh,2.0,27.416269384765197
r14,md_full11,"(4, 2)",tanh,3.0,27.63072023965629
r14,md_full11,"(4, 2)",tanh,5.0,28.462108301183843
r14,md_full11,"(4, 2)",tanh,10.0,32.584925898384164
r14,md_full11,"(6, 3)",tanh,0.5,38.10813984337947
r14,md_full11,"(6, 3)",tanh,1.0,34.505239193338326
r14,md_full11,"(6, 3)",tanh,2.0,27.34556262116363
r14,md_full11,"(6, 3)",tanh,3.0,26.099431660724445
r14,md_full11,"(6, 3)",tanh,5.0,25.528038527422066
r14,md_full11,"(6, 3)",tanh,10.0,30.460131456730227
r14,md_full11,"(8, 4)",tanh,0.5,33.25649411956416
r14,md_full11,"(8, 4)",tanh,1.0,33.4915330918544
r14,md_full11,"(8, 4)",tanh,2.0,29.05418626500358
r14,md_full11,"(8, 4)",tanh,3.0,27.041848538931923
r14,md_full11,"(8, 4)",tanh,5.0,26.949247237095
r14,md_full11,"(8, 4)",tanh,10.0,29.029421660840512
r14,md_full11,"(10, 5)",tanh,0.5,35.64500295033111
r14,md_full11,"(10, 5)",tanh,1.0,32.8742555288924
r14,md_full11,"(10, 5)",tanh,2.0,28.93096027764521
r14,md_full11,"(10, 5)",tanh,3.0,27.425674301432004
r14,md_full11,"(10, 5)",tanh,5.0,26.842635328915566
r14,md_full11,"(10, 5)",tanh,10.0,28.992393995393407
r14,md_full11,"(12, 6)",tanh,0.5,38.17291106557632
r14,md_full11,"(12, 6)",tanh,1.0,34.58881658026487
r14,md_full11,"(12, 6)",tanh,2.0,30.05927793903038
r14,md_full11,"(12, 6)",tanh,3.0,27.59687348389262
r14,md_full11,"(12, 6)",tanh,5.0,27.20396218991552
r14,md_full11,"(12, 6)",tanh,10.0,29.30143928237552
r14,md_full11,"(16, 8)",tanh,0.5,36.58619599291425
r14,md_full11,"(16, 8)",tanh,1.0,33.59940674743808
r14,md_full11,"(16, 8)",tanh,2.0,30.17178564905883
r14,md_full11,"(16, 8)",tanh,3.0,28.022446184656985
r14,md_full11,"(16, 8)",tanh,5.0,27.230072736585733
r14,md_full11,"(16, 8)",tanh,10.0,28.94409496803917
r14,md_full11,"(20, 10)",tanh,0.5,31.983808351210158
r14,md_full11,"(20, 10)",tanh,1.0,32.59385940568696
r14,md_full11,"(20, 10)",tanh,2.0,31.01760259655605
r14,md_full11,"(20, 10)",tanh,3.0,28.712768335470493
r14,md_full11,"(20, 10)",tanh,5.0,27.780767046130883
r14,md_full11,"(20, 10)",tanh,10.0,28.86953856439002
r14,md_full11,"(24, 12)",tanh,0.5,37.91059278830621
r14,md_full11,"(24, 12)",tanh,1.0,35.81391641021217
r14,md_full11,"(24, 12)",tanh,2.0,29.9567009425755
r14,md_full11,"(24, 12)",tanh,3.0,27.997316139255936
r14,md_full11,"(24, 12)",tanh,5.0,27.14854991618882
r14,md_full11,"(24, 12)",tanh,10.0,28.77450171237522
r14,md_full11,"(8, 8)",tanh,0.5,36.1670184942228
r14,md_full11,"(8, 8)",tanh,1.0,31.4009301667267
r14,md_full11,"(8, 8)",tanh,2.0,29.8353700033584
r14,md_full11,"(8, 8)",tanh,3.0,28.32464849791567
r14,md_full11,"(8, 8)",tanh,5.0,26.4401506375797
r14,md_full11,"(8, 8)",tanh,10.0,29.1941519190497
r14,md_full11,"(16, 16)",tanh,0.5,36.95453823878596
r14,md_full11,"(16, 16)",tanh,1.0,34.220653094515065
r14,md_full11,"(16, 16)",tanh,2.0,30.93789460693423
r14,md_full11,"(16, 16)",tanh,3.0,29.473761809960223
r14,md_full11,"(16, 16)",tanh,5.0,28.756966474316076
r14,md_full11,"(16, 16)",tanh,10.0,28.88162750825445
r14,md_full11,"(8, 4, 2)",tanh,0.5,34.44790677950375
r14,md_full11,"(8, 4, 2)",tanh,1.0,35.21770318987648
r14,md_full11,"(8, 4, 2)",tanh,2.0,28.15503113970856
r14,md_full11,"(8, 4, 2)",tanh,3.0,25.58814977862392
r14,md_full11,"(8, 4, 2)",tanh,5.0,25.90125919234115
r14,md_full11,"(8, 4, 2)",tanh,10.0,31.512309259913035
r14,md_full11,"(12, 6, 3)",tanh,0.5,35.221358815364646
r14,md_full11,"(12, 6, 3)",tanh,1.0,27.878848775378334
r14,md_full11,"(12, 6, 3)",tanh,2.0,28.60703524648324
r14,md_full11,"(12, 6, 3)",tanh,3.0,26.99723041577111
r14,md_full11,"(12, 6, 3)",tanh,5.0,26.360300610449645
r14,md_full11,"(12, 6, 3)",tanh,10.0,28.88000501746213
r14,md_full11,"(16, 8, 4)",tanh,0.5,33.80722625446487
r14,md_full11,"(16, 8, 4)",tanh,1.0,34.751012766404486
r14,md_full11,"(16, 8, 4)",tanh,2.0,27.34364680584964
r14,md_full11,"(16, 8, 4)",tanh,3.0,26.74161355275576
r14,md_full11,"(16, 8, 4)",tanh,5.0,26.22236344977194
r14,md_full11,"(16, 8, 4)",tanh,10.0,30.01171796507822
r14,md_full11,"(24, 12, 6)",tanh,0.5,36.29616229747735
r14,md_full11,"(24, 12, 6)",tanh,1.0,30.59218209397788
r14,md_full11,"(24, 12, 6)",tanh,2.0,30.733260912857407
r14,md_full11,"(24, 12, 6)",tanh,3.0,28.287033098252017
r14,md_full11,"(24, 12, 6)",tanh,5.0,27.048290635913453
r14,md_full11,"(24, 12, 6)",tanh,10.0,28.594733198443247
r15,md_zeta9,"(8,)",tanh,0.5,30.160560895787317
r15,md_zeta9,"(8,)",tanh,1.0,29.314862242920636
r15,md_zeta9,"(8,)",tanh,2.0,27.30919265604972
r15,md_zeta9,"(8,)",tanh,3.0,26.677808038653268
r15,md_zeta9,"(8,)",tanh,5.0,28.462804958544048
r15,md_zeta9,"(8,)",tanh,10.0,34.56104636024252
r15,md_zeta9,"(12,)",tanh,0.5,29.86494051590624
r15,md_zeta9,"(12,)",tanh,1.0,30.318839861560985
r15,md_zeta9,"(12,)",tanh,2.0,26.60533155057081
r15,md_zeta9,"(12,)",tanh,3.0,27.501863722517548
r15,md_zeta9,"(12,)",tanh,5.0,28.817704213431448
r15,md_zeta9,"(12,)",tanh,10.0,34.61923548797784
r15,md_zeta9,"(4, 2)",tanh,0.5,35.01716803875544
r15,md_zeta9,"(4, 2)",tanh,1.0,31.23610085173359
r15,md_zeta9,"(4, 2)",tanh,2.0,29.260316043578143
r15,md_zeta9,"(4, 2)",tanh,3.0,28.923524402264317
r15,md_zeta9,"(4, 2)",tanh,5.0,29.734544370401856
r15,md_zeta9,"(4, 2)",tanh,10.0,32.44119725874384
r15,md_zeta9,"(6, 3)",tanh,0.5,30.448471583123894
r15,md_zeta9,"(6, 3)",tanh,1.0,28.98243278182224
r15,md_zeta9,"(6, 3)",tanh,2.0,27.70076319970598
r15,md_zeta9,"(6, 3)",tanh,3.0,26.71147813107238
r15,md_zeta9,"(6, 3)",tanh,5.0,26.580935369384623
r15,md_zeta9,"(6, 3)",tanh,10.0,31.31439100806004
r15,md_zeta9,"(8, 4)",tanh,0.5,30.715112086355084
r15,md_zeta9,"(8, 4)",tanh,1.0,30.121194525742908
r15,md_zeta9,"(8, 4)",tanh,2.0,26.695849950118717
r15,md_zeta9,"(8, 4)",tanh,3.0,26.13429320819008
r15,md_zeta9,"(8, 4)",tanh,5.0,25.958532665649976
r15,md_zeta9,"(8, 4)",tanh,10.0,31.82359908864641
r15,md_zeta9,"(10, 5)",tanh,0.5,29.76172802476241
r15,md_zeta9,"(10, 5)",tanh,1.0,28.042954739321893
r15,md_zeta9,"(10, 5)",tanh,2.0,26.61798052014297
r15,md_zeta9,"(10, 5)",tanh,3.0,26.442824287667783
r15,md_zeta9,"(10, 5)",tanh,5.0,26.287171670779355
r15,md_zeta9,"(10, 5)",tanh,10.0,31.711390362434344
r15,md_zeta9,"(12, 6)",tanh,0.5,34.14795516565529
r15,md_zeta9,"(12, 6)",tanh,1.0,32.204444877410744
r15,md_zeta9,"(12, 6)",tanh,2.0,26.073541561376462
r15,md_zeta9,"(12, 6)",tanh,3.0,27.85549066884612
r15,md_zeta9,"(12, 6)",tanh,5.0,26.76157792739075
r15,md_zeta9,"(12, 6)",tanh,10.0,31.649670401394
r15,md_zeta9,"(16, 8)",tanh,0.5,30.3608019727424
r15,md_zeta9,"(16, 8)",tanh,1.0,29.20442889828771
r15,md_zeta9,"(16, 8)",tanh,2.0,29.768395670549257
r15,md_zeta9,"(16, 8)",tanh,3.0,28.39711305827145
r15,md_zeta9,"(16, 8)",tanh,5.0,26.4452124830598
r15,md_zeta9,"(16, 8)",tanh,10.0,30.62042265444064
r15,md_zeta9,"(20, 10)",tanh,0.5,32.842123500330004
r15,md_zeta9,"(20, 10)",tanh,1.0,30.460029697052107
r15,md_zeta9,"(20, 10)",tanh,2.0,28.033388589394672
r15,md_zeta9,"(20, 10)",tanh,3.0,28.45243578087905
r15,md_zeta9,"(20, 10)",tanh,5.0,26.968993219183528
r15,md_zeta9,"(20, 10)",tanh,10.0,30.26784469138615
r15,md_zeta9,"(24, 12)",tanh,0.5,32.43301236532987
r15,md_zeta9,"(24, 12)",tanh,1.0,29.77340724343707
r15,md_zeta9,"(24, 12)",tanh,2.0,27.79214912805499
r15,md_zeta9,"(24, 12)",tanh,3.0,28.65536770368648
r15,md_zeta9,"(24, 12)",tanh,5.0,26.970720977417077
r15,md_zeta9,"(24, 12)",tanh,10.0,30.942502878716788
r15,md_zeta9,"(8, 8)",tanh,0.5,35.70446527234012
r15,md_zeta9,"(8, 8)",tanh,1.0,30.68952026084405
r15,md_zeta9,"(8, 8)",tanh,2.0,28.168429395381043
r15,md_zeta9,"(8, 8)",tanh,3.0,27.582144159749227
r15,md_zeta9,"(8, 8)",tanh,5.0,26.343711084941862
r15,md_zeta9,"(8, 8)",tanh,10.0,29.721350995081224
r15,md_zeta9,"(16, 16)",tanh,0.5,30.455807243275167
r15,md_zeta9,"(16, 16)",tanh,1.0,31.503160485131133
r15,md_zeta9,"(16, 16)",tanh,2.0,27.95674501473785
r15,md_zeta9,"(16, 16)",tanh,3.0,27.50770805991844
r15,md_zeta9,"(16, 16)",tanh,5.0,27.093944600848992
r15,md_zeta9,"(16, 16)",tanh,10.0,31.464524594135487
r15,md_zeta9,"(8, 4, 2)",tanh,0.5,29.823799945735523
r15,md_zeta9,"(8, 4, 2)",tanh,1.0,28.521770336677925
r15,md_zeta9,"(8, 4, 2)",tanh,2.0,24.562570162375927
r15,md_zeta9,"(8, 4, 2)",tanh,3.0,26.72506609894055
r15,md_zeta9,"(8, 4, 2)",tanh,5.0,26.888955085251297
r15,md_zeta9,"(8, 4, 2)",tanh,10.0,31.189136858979413
r15,md_zeta9,"(12, 6, 3)",tanh,0.5,32.10293221272506
r15,md_zeta9,"(12, 6, 3)",tanh,1.0,27.69348240326691
r15,md_zeta9,"(12, 6, 3)",tanh,2.0,30.14825315432796
r15,md_zeta9,"(12, 6, 3)",tanh,3.0,28.144534415992812
r15,md_zeta9,"(12, 6, 3)",tanh,5.0,26.072946990991817
r15,md_zeta9,"(12, 6, 3)",tanh,10.0,31.09464006379041
r15,md_zeta9,"(16, 8, 4)",tanh,0.5,32.95484423999021
r15,md_zeta9,"(16, 8, 4)",tanh,1.0,28.20818197438473
r15,md_zeta9,"(16, 8, 4)",tanh,2.0,28.41786785845543
r15,md_zeta9,"(16, 8, 4)",tanh,3.0,26.87784872278603
r15,md_zeta9,"(16, 8, 4)",tanh,5.0,25.799843635339425
r15,md_zeta9,"(16, 8, 4)",tanh,10.0,31.050487317401952
r15,md_zeta9,"(24, 12, 6)",tanh,0.5,29.146923672737245
r15,md_zeta9,"(24, 12, 6)",tanh,1.0,28.03123756201625
r15,md_zeta9,"(24, 12, 6)",tanh,2.0,28.15441994570121
r15,md_zeta9,"(24, 12, 6)",tanh,3.0,29.07184761763248
r15,md_zeta9,"(24, 12, 6)",tanh,5.0,26.373864702199075
r15,md_zeta9,"(24, 12, 6)",tanh,10.0,30.8649793680497
r15,md_beta9,"(8,)",tanh,0.5,53.46171335639252
r15,md_beta9,"(8,)",tanh,1.0,50.475005127704605
r15,md_beta9,"(8,)",tanh,2.0,43.17090973265995
r15,md_beta9,"(8,)",tanh,3.0,40.76458750286379
r15,md_beta9,"(8,)",tanh,5.0,36.91553751115579
r15,md_beta9,"(8,)",tanh,10.0,38.28526904361079
r15,md_beta9,"(12,)",tanh,0.5,52.4407637146514
r15,md_beta9,"(12,)",tanh,1.0,48.90307850987638
r15,md_beta9,"(12,)",tanh,2.0,43.984822363828094
r15,md_beta9,"(12,)",tanh,3.0,38.93008392718338
r15,md_beta9,"(12,)",tanh,5.0,37.23908796840361
r15,md_beta9,"(12,)",tanh,10.0,38.33526756706898
r15,md_beta9,"(4, 2)",tanh,0.5,47.95870773745944
r15,md_beta9,"(4, 2)",tanh,1.0,42.13128907892862
r15,md_beta9,"(4, 2)",tanh,2.0,43.55631893027754
r15,md_beta9,"(4, 2)",tanh,3.0,38.31936724594956
r15,md_beta9,"(4, 2)",tanh,5.0,38.48206284422823
r15,md_beta9,"(4, 2)",tanh,10.0,37.02834998111432
r15,md_beta9,"(6, 3)",tanh,0.5,46.844736675455096
r15,md_beta9,"(6, 3)",tanh,1.0,46.19276036611326
r15,md_beta9,"(6, 3)",tanh,2.0,39.03677200166841
r15,md_beta9,"(6, 3)",tanh,3.0,41.12839002395965
r15,md_beta9,"(6, 3)",tanh,5.0,40.32315353970434
r15,md_beta9,"(6, 3)",tanh,10.0,38.87472589280159
r15,md_beta9,"(8, 4)",tanh,0.5,55.55849865811236
r15,md_beta9,"(8, 4)",tanh,1.0,55.78153480755096
r15,md_beta9,"(8, 4)",tanh,2.0,48.91724349132209
r15,md_beta9,"(8, 4)",tanh,3.0,43.58444357594955
r15,md_beta9,"(8, 4)",tanh,5.0,39.41206512288434
r15,md_beta9,"(8, 4)",tanh,10.0,37.75185692271498
r15,md_beta9,"(10, 5)",tanh,0.5,57.91916673076816
r15,md_beta9,"(10, 5)",tanh,1.0,55.13215871785589
r15,md_beta9,"(10, 5)",tanh,2.0,52.4352690760792
r15,md_beta9,"(10, 5)",tanh,3.0,46.16538597993032
r15,md_beta9,"(10, 5)",tanh,5.0,39.48734169990794
r15,md_beta9,"(10, 5)",tanh,10.0,37.67267668697379
r15,md_beta9,"(12, 6)",tanh,0.5,60.44435334014679
r15,md_beta9,"(12, 6)",tanh,1.0,53.94019590374518
r15,md_beta9,"(12, 6)",tanh,2.0,48.72203188072564
r15,md_beta9,"(12, 6)",tanh,3.0,47.11725616426147
r15,md_beta9,"(12, 6)",tanh,5.0,39.628672225640216
r15,md_beta9,"(12, 6)",tanh,10.0,37.538980968920896
r15,md_beta9,"(16, 8)",tanh,0.5,58.80458180748583
r15,md_beta9,"(16, 8)",tanh,1.0,54.18469088393988
r15,md_beta9,"(16, 8)",tanh,2.0,48.850484415638775
r15,md_beta9,"(16, 8)",tanh,3.0,48.57499198383397
r15,md_beta9,"(16, 8)",tanh,5.0,39.794516318492064
r15,md_beta9,"(16, 8)",tanh,10.0,38.06186703439583
r15,md_beta9,"(20, 10)",tanh,0.5,55.07512044876677
r15,md_beta9,"(20, 10)",tanh,1.0,53.650601797242224
r15,md_beta9,"(20, 10)",tanh,2.0,51.70037129439129
r15,md_beta9,"(20, 10)",tanh,3.0,46.42333025915309
r15,md_beta9,"(20, 10)",tanh,5.0,42.01315896372181
r15,md_beta9,"(20, 10)",tanh,10.0,37.6811313516877
r15,md_beta9,"(24, 12)",tanh,0.5,55.98495586307191
r15,md_beta9,"(24, 12)",tanh,1.0,52.8732191326176
r15,md_beta9,"(24, 12)",tanh,2.0,52.82485702771567
r15,md_beta9,"(24, 12)",tanh,3.0,48.71238831314582
r15,md_beta9,"(24, 12)",tanh,5.0,41.34277629962192
r15,md_beta9,"(24, 12)",tanh,10.0,38.75595785969797
r15,md_beta9,"(8, 8)",tanh,0.5,62.42993084073997
r15,md_beta9,"(8, 8)",tanh,1.0,53.57255893396486
r15,md_beta9,"(8, 8)",tanh,2.0,56.68021563514687
r15,md_beta9,"(8, 8)",tanh,3.0,46.26718615932992
r15,md_beta9,"(8, 8)",tanh,5.0,41.91630694436899
r15,md_beta9,"(8, 8)",tanh,10.0,37.788453621070175
r15,md_beta9,"(16, 16)",tanh,0.5,56.04604026792214
r15,md_beta9,"(16, 16)",tanh,1.0,53.72616773216428
r15,md_beta9,"(16, 16)",tanh,2.0,51.71310330056707
r15,md_beta9,"(16, 16)",tanh,3.0,46.21504444164383
r15,md_beta9,"(16, 16)",tanh,5.0,42.566005656065286
r15,md_beta9,"(16, 16)",tanh,10.0,37.62536722202843
r15,md_beta9,"(8, 4, 2)",tanh,0.5,48.6861079779982
r15,md_beta9,"(8, 4, 2)",tanh,1.0,51.78223968254207
r15,md_beta9,"(8, 4, 2)",tanh,2.0,44.13092625766738
r15,md_beta9,"(8, 4, 2)",tanh,3.0,41.27827867500049
r15,md_beta9,"(8, 4, 2)",tanh,5.0,38.10516155931286
r15,md_beta9,"(8, 4, 2)",tanh,10.0,38.77903176240296
r15,md_beta9,"(12, 6, 3)",tanh,0.5,61.8912122430169
r15,md_beta9,"(12, 6, 3)",tanh,1.0,51.30513670258923
r15,md_beta9,"(12, 6, 3)",tanh,2.0,45.95580816252301
r15,md_beta9,"(12, 6, 3)",tanh,3.0,45.73206119468032
r15,md_beta9,"(12, 6, 3)",tanh,5.0,37.08297333111472
r15,md_beta9,"(12, 6, 3)",tanh,10.0,38.571920571906034
r15,md_beta9,"(16, 8, 4)",tanh,0.5,55.83321440392386
r15,md_beta9,"(16, 8, 4)",tanh,1.0,53.85579166079573
r15,md_beta9,"(16, 8, 4)",tanh,2.0,48.81964576184348
r15,md_beta9,"(16, 8, 4)",tanh,3.0,46.40584281098006
r15,md_beta9,"(16, 8, 4)",tanh,5.0,40.007280931670735
r15,md_beta9,"(16, 8, 4)",tanh,10.0,38.50862967615856
r15,md_beta9,"(24, 12, 6)",tanh,0.5,56.71089388097887
r15,md_beta9,"(24, 12, 6)",tanh,1.0,56.02260902001469
r15,md_beta9,"(24, 12, 6)",tanh,2.0,50.21633300693209
r15,md_beta9,"(24, 12, 6)",tanh,3.0,51.3622596537428
r15,md_beta9,"(24, 12, 6)",tanh,5.0,43.76706964212904
r15,md_beta9,"(24, 12, 6)",tanh,10.0,38.8546369724985
r15,md_full11,"(8,)",tanh,0.5,34.32545073442675
r15,md_full11,"(8,)",tanh,1.0,30.435996012843805
r15,md_full11,"(8,)",tanh,2.0,26.541576492498955
r15,md_full11,"(8,)",tanh,3.0,27.33769552206626
r15,md_full11,"(8,)",tanh,5.0,27.248245467346823
r15,md_full11,"(8,)",tanh,10.0,31.252944075244137
r15,md_full11,"(12,)",tanh,0.5,30.636378315009715
r15,md_full11,"(12,)",tanh,1.0,30.1550149841711
r15,md_full11,"(12,)",tanh,2.0,28.543268182277995
r15,md_full11,"(12,)",tanh,3.0,28.344729520795276
r15,md_full11,"(12,)",tanh,5.0,27.41750035883872
r15,md_full11,"(12,)",tanh,10.0,31.41533806384959
r15,md_full11,"(4, 2)",tanh,0.5,30.24504594349556
r15,md_full11,"(4, 2)",tanh,1.0,37.92998200284386
r15,md_full11,"(4, 2)",tanh,2.0,26.72740794334205
r15,md_full11,"(4, 2)",tanh,3.0,26.01904591875448
r15,md_full11,"(4, 2)",tanh,5.0,27.213312124277294
r15,md_full11,"(4, 2)",tanh,10.0,32.86692600677517
r15,md_full11,"(6, 3)",tanh,0.5,38.31484922754501
r15,md_full11,"(6, 3)",tanh,1.0,33.34586004198819
r15,md_full11,"(6, 3)",tanh,2.0,25.54595426381385
r15,md_full11,"(6, 3)",tanh,3.0,25.240135163462806
r15,md_full11,"(6, 3)",tanh,5.0,25.56478575470394
r15,md_full11,"(6, 3)",tanh,10.0,30.318809893268813
r15,md_full11,"(8, 4)",tanh,0.5,33.81011489136356
r15,md_full11,"(8, 4)",tanh,1.0,34.54169351108716
r15,md_full11,"(8, 4)",tanh,2.0,28.9782822633548
r15,md_full11,"(8, 4)",tanh,3.0,27.04896160573288
r15,md_full11,"(8, 4)",tanh,5.0,26.084529169971614
r15,md_full11,"(8, 4)",tanh,10.0,28.43929469015617
r15,md_full11,"(10, 5)",tanh,0.5,35.01551463921693
r15,md_full11,"(10, 5)",tanh,1.0,31.663632530790416
r15,md_full11,"(10, 5)",tanh,2.0,28.470062765096014
r15,md_full11,"(10, 5)",tanh,3.0,26.74878577253829
r15,md_full11,"(10, 5)",tanh,5.0,27.288253340064085
r15,md_full11,"(10, 5)",tanh,10.0,28.60121803997817
r15,md_full11,"(12, 6)",tanh,0.5,34.64762435184018
r15,md_full11,"(12, 6)",tanh,1.0,29.82126486875179
r15,md_full11,"(12, 6)",tanh,2.0,30.008542232773568
r15,md_full11,"(12, 6)",tanh,3.0,27.929747513408632
r15,md_full11,"(12, 6)",tanh,5.0,26.83911808310363
r15,md_full11,"(12, 6)",tanh,10.0,28.390903965649528
r15,md_full11,"(16, 8)",tanh,0.5,32.76627079685439
r15,md_full11,"(16, 8)",tanh,1.0,31.31306072960144
r15,md_full11,"(16, 8)",tanh,2.0,28.45922440800115
r15,md_full11,"(16, 8)",tanh,3.0,27.72961482802207
r15,md_full11,"(16, 8)",tanh,5.0,27.61966351353694
r15,md_full11,"(16, 8)",tanh,10.0,28.246691566133507
r15,md_full11,"(20, 10)",tanh,0.5,32.60125494048716
r15,md_full11,"(20, 10)",tanh,1.0,31.549525461502647
r15,md_full11,"(20, 10)",tanh,2.0,28.489789182135382
r15,md_full11,"(20, 10)",tanh,3.0,26.952849800107185
r15,md_full11,"(20, 10)",tanh,5.0,26.21436083555617
r15,md_full11,"(20, 10)",tanh,10.0,28.250090034179703
r15,md_full11,"(24, 12)",tanh,0.5,33.89414234794292
r15,md_full11,"(24, 12)",tanh,1.0,31.1927139153504
r15,md_full11,"(24, 12)",tanh,2.0,29.566738736009427
r15,md_full11,"(24, 12)",tanh,3.0,28.091785242345438
r15,md_full11,"(24, 12)",tanh,5.0,27.232525915166537
r15,md_full11,"(24, 12)",tanh,10.0,28.251818345276792
r15,md_full11,"(8, 8)",tanh,0.5,34.50541162762436
r15,md_full11,"(8, 8)",tanh,1.0,29.547063822539407
r15,md_full11,"(8, 8)",tanh,2.0,29.279472683173708
r15,md_full11,"(8, 8)",tanh,3.0,28.48492391037952
r15,md_full11,"(8, 8)",tanh,5.0,27.30292529466737
r15,md_full11,"(8, 8)",tanh,10.0,28.87465036277599
r15,md_full11,"(16, 16)",tanh,0.5,33.409091210059614
r15,md_full11,"(16, 16)",tanh,1.0,30.69010725149277
r15,md_full11,"(16, 16)",tanh,2.0,30.08159167610492
r15,md_full11,"(16, 16)",tanh,3.0,28.389606955118648
r15,md_full11,"(16, 16)",tanh,5.0,28.135428192067195
r15,md_full11,"(16, 16)",tanh,10.0,28.284781113486968
r15,md_full11,"(8, 4, 2)",tanh,0.5,32.955920413144305
r15,md_full11,"(8, 4, 2)",tanh,1.0,32.26447509081122
r15,md_full11,"(8, 4, 2)",tanh,2.0,28.60320187035256
r15,md_full11,"(8, 4, 2)",tanh,3.0,26.67565807357604
r15,md_full11,"(8, 4, 2)",tanh,5.0,25.16167785136843
r15,md_full11,"(8, 4, 2)",tanh,10.0,31.21038177299165
r15,md_full11,"(12, 6, 3)",tanh,0.5,32.63386117106342
r15,md_full11,"(12, 6, 3)",tanh,1.0,28.13751112924457
r15,md_full11,"(12, 6, 3)",tanh,2.0,27.772160222848264
r15,md_full11,"(12, 6, 3)",tanh,3.0,28.23917090803738
r15,md_full11,"(12, 6, 3)",tanh,5.0,24.96460238427048
r15,md_full11,"(12, 6, 3)",tanh,10.0,28.409204300801765
r15,md_full11,"(16, 8, 4)",tanh,0.5,32.32818985035449
r15,md_full11,"(16, 8, 4)",tanh,1.0,33.15540131005473
r15,md_full11,"(16, 8, 4)",tanh,2.0,28.24185845298504
r15,md_full11,"(16, 8, 4)",tanh,3.0,26.642559019613124
r15,md_full11,"(16, 8, 4)",tanh,5.0,26.570245059105623
r15,md_full11,"(16, 8, 4)",tanh,10.0,29.387269026487967
r15,md_full11,"(24, 12, 6)",tanh,0.5,33.829151923048364
r15,md_full11,"(24, 12, 6)",tanh,1.0,30.46167083171319
r15,md_full11,"(24, 12, 6)",tanh,2.0,27.72079090190268
r15,md_full11,"(24, 12, 6)",tanh,3.0,28.627629772293112
r15,md_full11,"(24, 12, 6)",tanh,5.0,25.64367323360283
r15,md_full11,"(24, 12, 6)",tanh,10.0,27.34858235229923
r16,md_zeta9,"(8,)",tanh,0.5,33.3927195569108
r16,md_zeta9,"(8,)",tanh,1.0,29.961592684514613
r16,md_zeta9,"(8,)",tanh,2.0,27.450637144903048
r16,md_zeta9,"(8,)",tanh,3.0,27.930262296253368
r16,md_zeta9,"(8,)",tanh,5.0,31.30103865148912
r16,md_zeta9,"(8,)",tanh,10.0,34.947201191243515
r16,md_zeta9,"(12,)",tanh,0.5,33.96336180984714
r16,md_zeta9,"(12,)",tanh,1.0,32.36698899246811
r16,md_zeta9,"(12,)",tanh,2.0,26.91446557927472
r16,md_zeta9,"(12,)",tanh,3.0,28.18168612844547
r16,md_zeta9,"(12,)",tanh,5.0,30.32089775610378
r16,md_zeta9,"(12,)",tanh,10.0,35.23540230573408
r16,md_zeta9,"(4, 2)",tanh,0.5,33.14249308720332
r16,md_zeta9,"(4, 2)",tanh,1.0,27.13133382278348
r16,md_zeta9,"(4, 2)",tanh,2.0,29.03103032230425
r16,md_zeta9,"(4, 2)",tanh,3.0,28.424867121267056
r16,md_zeta9,"(4, 2)",tanh,5.0,27.74138158682937
r16,md_zeta9,"(4, 2)",tanh,10.0,31.93183656918864
r16,md_zeta9,"(6, 3)",tanh,0.5,26.48879253408499
r16,md_zeta9,"(6, 3)",tanh,1.0,30.02632917502347
r16,md_zeta9,"(6, 3)",tanh,2.0,26.535724933884232
r16,md_zeta9,"(6, 3)",tanh,3.0,25.986281198025164
r16,md_zeta9,"(6, 3)",tanh,5.0,27.441442637961423
r16,md_zeta9,"(6, 3)",tanh,10.0,32.70398103841867
r16,md_zeta9,"(8, 4)",tanh,0.5,30.925896300568724
r16,md_zeta9,"(8, 4)",tanh,1.0,27.28883688133836
r16,md_zeta9,"(8, 4)",tanh,2.0,25.22153054300869
r16,md_zeta9,"(8, 4)",tanh,3.0,26.461679975381323
r16,md_zeta9,"(8, 4)",tanh,5.0,27.94465609822284
r16,md_zeta9,"(8, 4)",tanh,10.0,32.669709346929906
r16,md_zeta9,"(10, 5)",tanh,0.5,27.16607554753796
r16,md_zeta9,"(10, 5)",tanh,1.0,27.87348488852277
r16,md_zeta9,"(10, 5)",tanh,2.0,26.852211577140547
r16,md_zeta9,"(10, 5)",tanh,3.0,26.78874087875128
r16,md_zeta9,"(10, 5)",tanh,5.0,27.76396188920596
r16,md_zeta9,"(10, 5)",tanh,10.0,32.597987022177634
r16,md_zeta9,"(12, 6)",tanh,0.5,28.753640968368423
r16,md_zeta9,"(12, 6)",tanh,1.0,29.97029073994073
r16,md_zeta9,"(12, 6)",tanh,2.0,25.608122230504296
r16,md_zeta9,"(12, 6)",tanh,3.0,26.68464228236388
r16,md_zeta9,"(12, 6)",tanh,5.0,27.74897936430208
r16,md_zeta9,"(12, 6)",tanh,10.0,32.59512872783585
r16,md_zeta9,"(16, 8)",tanh,0.5,29.86216702664698
r16,md_zeta9,"(16, 8)",tanh,1.0,28.48049676709944
r16,md_zeta9,"(16, 8)",tanh,2.0,27.891911214982184
r16,md_zeta9,"(16, 8)",tanh,3.0,26.81090236726948
r16,md_zeta9,"(16, 8)",tanh,5.0,27.9401246023754
r16,md_zeta9,"(16, 8)",tanh,10.0,31.90760503678202
r16,md_zeta9,"(20, 10)",tanh,0.5,31.508682324472563
r16,md_zeta9,"(20, 10)",tanh,1.0,30.459676001020654
r16,md_zeta9,"(20, 10)",tanh,2.0,26.866953923156263
r16,md_zeta9,"(20, 10)",tanh,3.0,25.98247517560692
r16,md_zeta9,"(20, 10)",tanh,5.0,27.682764954640994
r16,md_zeta9,"(20, 10)",tanh,10.0,31.920480609326894
r16,md_zeta9,"(24, 12)",tanh,0.5,34.25746525470072
r16,md_zeta9,"(24, 12)",tanh,1.0,29.414916895681493
r16,md_zeta9,"(24, 12)",tanh,2.0,28.01345326723653
r16,md_zeta9,"(24, 12)",tanh,3.0,26.218904187055134
r16,md_zeta9,"(24, 12)",tanh,5.0,28.147918536851584
r16,md_zeta9,"(24, 12)",tanh,10.0,32.84069126931346
r16,md_zeta9,"(8, 8)",tanh,0.5,32.58510110227283
r16,md_zeta9,"(8, 8)",tanh,1.0,29.023595589084582
r16,md_zeta9,"(8, 8)",tanh,2.0,26.739026969873045
r16,md_zeta9,"(8, 8)",tanh,3.0,27.357469535504304
r16,md_zeta9,"(8, 8)",tanh,5.0,27.72911498142862
r16,md_zeta9,"(8, 8)",tanh,10.0,31.846432260437343
r16,md_zeta9,"(16, 16)",tanh,0.5,33.25894522083963
r16,md_zeta9,"(16, 16)",tanh,1.0,29.477510801617605
r16,md_zeta9,"(16, 16)",tanh,2.0,27.512957243626182
r16,md_zeta9,"(16, 16)",tanh,3.0,26.244802500287665
r16,md_zeta9,"(16, 16)",tanh,5.0,27.950937637672943
r16,md_zeta9,"(16, 16)",tanh,10.0,31.93815836490914
r16,md_zeta9,"(8, 4, 2)",tanh,0.5,32.25882090885521
r16,md_zeta9,"(8, 4, 2)",tanh,1.0,29.101733197961256
r16,md_zeta9,"(8, 4, 2)",tanh,2.0,27.136136289424822
r16,md_zeta9,"(8, 4, 2)",tanh,3.0,27.55154749023184
r16,md_zeta9,"(8, 4, 2)",tanh,5.0,27.913089997770424
r16,md_zeta9,"(8, 4, 2)",tanh,10.0,31.77764984873493
r16,md_zeta9,"(12, 6, 3)",tanh,0.5,30.63949976704124
r16,md_zeta9,"(12, 6, 3)",tanh,1.0,29.282174456243386
r16,md_zeta9,"(12, 6, 3)",tanh,2.0,27.40374427310256
r16,md_zeta9,"(12, 6, 3)",tanh,3.0,27.22873686898304
r16,md_zeta9,"(12, 6, 3)",tanh,5.0,27.442311006840185
r16,md_zeta9,"(12, 6, 3)",tanh,10.0,31.823460854324043
r16,md_zeta9,"(16, 8, 4)",tanh,0.5,32.12125901549757
r16,md_zeta9,"(16, 8, 4)",tanh,1.0,28.501213653495064
r16,md_zeta9,"(16, 8, 4)",tanh,2.0,27.4887149186794
r16,md_zeta9,"(16, 8, 4)",tanh,3.0,26.831349414156183
r16,md_zeta9,"(16, 8, 4)",tanh,5.0,27.877396509696457
r16,md_zeta9,"(16, 8, 4)",tanh,10.0,31.746779732838576
r16,md_zeta9,"(24, 12, 6)",tanh,0.5,31.53050962051803
r16,md_zeta9,"(24, 12, 6)",tanh,1.0,29.823641367009504
r16,md_zeta9,"(24, 12, 6)",tanh,2.0,28.84252280536009
r16,md_zeta9,"(24, 12, 6)",tanh,3.0,26.809506067156327
r16,md_zeta9,"(24, 12, 6)",tanh,5.0,28.45501708373417
r16,md_zeta9,"(24, 12, 6)",tanh,10.0,31.369625134242728
r16,md_beta9,"(8,)",tanh,0.5,61.32450475003736
r16,md_beta9,"(8,)",tanh,1.0,51.07848486136647
r16,md_beta9,"(8,)",tanh,2.0,45.38856045739552
r16,md_beta9,"(8,)",tanh,3.0,41.2486195129468
r16,md_beta9,"(8,)",tanh,5.0,39.77415932972316
r16,md_beta9,"(8,)",tanh,10.0,40.02017860571745
r16,md_beta9,"(12,)",tanh,0.5,51.3092486337368
r16,md_beta9,"(12,)",tanh,1.0,47.97296749872735
r16,md_beta9,"(12,)",tanh,2.0,45.55726956940559
r16,md_beta9,"(12,)",tanh,3.0,42.64237079407875
r16,md_beta9,"(12,)",tanh,5.0,40.385695427124816
r16,md_beta9,"(12,)",tanh,10.0,40.15746738912043
r16,md_beta9,"(4, 2)",tanh,0.5,46.59245891555005
r16,md_beta9,"(4, 2)",tanh,1.0,43.49092660177316
r16,md_beta9,"(4, 2)",tanh,2.0,43.21932259588117
r16,md_beta9,"(4, 2)",tanh,3.0,39.98181022255682
r16,md_beta9,"(4, 2)",tanh,5.0,37.44316732847377
r16,md_beta9,"(4, 2)",tanh,10.0,39.68426466651388
r16,md_beta9,"(6, 3)",tanh,0.5,39.349608902875545
r16,md_beta9,"(6, 3)",tanh,1.0,50.581648015403246
r16,md_beta9,"(6, 3)",tanh,2.0,44.80385765916753
r16,md_beta9,"(6, 3)",tanh,3.0,43.77315866837752
r16,md_beta9,"(6, 3)",tanh,5.0,38.43189504542121
r16,md_beta9,"(6, 3)",tanh,10.0,38.527977205035576
r16,md_beta9,"(8, 4)",tanh,0.5,55.35156181732435
r16,md_beta9,"(8, 4)",tanh,1.0,50.91274602127014
r16,md_beta9,"(8, 4)",tanh,2.0,41.16505703825503
r16,md_beta9,"(8, 4)",tanh,3.0,42.78382977738995
r16,md_beta9,"(8, 4)",tanh,5.0,39.392690359003566
r16,md_beta9,"(8, 4)",tanh,10.0,38.12923818923717
r16,md_beta9,"(10, 5)",tanh,0.5,64.12027712997386
r16,md_beta9,"(10, 5)",tanh,1.0,53.84817241142548
r16,md_beta9,"(10, 5)",tanh,2.0,53.824613879451405
r16,md_beta9,"(10, 5)",tanh,3.0,42.71519658877269
r16,md_beta9,"(10, 5)",tanh,5.0,40.85384139971999
r16,md_beta9,"(10, 5)",tanh,10.0,38.22848828039298
r16,md_beta9,"(12, 6)",tanh,0.5,59.90425689133504
r16,md_beta9,"(12, 6)",tanh,1.0,58.01844817265063
r16,md_beta9,"(12, 6)",tanh,2.0,52.38905358026064
r16,md_beta9,"(12, 6)",tanh,3.0,41.890877817764405
r16,md_beta9,"(12, 6)",tanh,5.0,37.76754432137729
r16,md_beta9,"(12, 6)",tanh,10.0,38.3427507473959
r16,md_beta9,"(16, 8)",tanh,0.5,55.86982339990864
r16,md_beta9,"(16, 8)",tanh,1.0,57.01411480498564
r16,md_beta9,"(16, 8)",tanh,2.0,53.1071141643225
r16,md_beta9,"(16, 8)",tanh,3.0,45.049832428069145
r16,md_beta9,"(16, 8)",tanh,5.0,41.18582878421368
r16,md_beta9,"(16, 8)",tanh,10.0,39.38395410737949
r16,md_beta9,"(20, 10)",tanh,0.5,61.86598602305495
r16,md_beta9,"(20, 10)",tanh,1.0,58.31881134072039
r16,md_beta9,"(20, 10)",tanh,2.0,53.54564331458784
r16,md_beta9,"(20, 10)",tanh,3.0,47.5412342436713
r16,md_beta9,"(20, 10)",tanh,5.0,39.35441095449025
r16,md_beta9,"(20, 10)",tanh,10.0,39.4641347181562
r16,md_beta9,"(24, 12)",tanh,0.5,61.02725172263688
r16,md_beta9,"(24, 12)",tanh,1.0,63.83741451289916
r16,md_beta9,"(24, 12)",tanh,2.0,58.24351331552252
r16,md_beta9,"(24, 12)",tanh,3.0,44.46951268116332
r16,md_beta9,"(24, 12)",tanh,5.0,41.96386037453315
r16,md_beta9,"(24, 12)",tanh,10.0,40.09146709205565
r16,md_beta9,"(8, 8)",tanh,0.5,62.45742725092485
r16,md_beta9,"(8, 8)",tanh,1.0,55.23665957766749
r16,md_beta9,"(8, 8)",tanh,2.0,51.04338095663567
r16,md_beta9,"(8, 8)",tanh,3.0,45.01958274063019
r16,md_beta9,"(8, 8)",tanh,5.0,37.82745365174444
r16,md_beta9,"(8, 8)",tanh,10.0,39.64653611562528
r16,md_beta9,"(16, 16)",tanh,0.5,68.71078231064
r16,md_beta9,"(16, 16)",tanh,1.0,58.51140980464087
r16,md_beta9,"(16, 16)",tanh,2.0,50.10250526830093
r16,md_beta9,"(16, 16)",tanh,3.0,50.66692188346138
r16,md_beta9,"(16, 16)",tanh,5.0,39.184808072756255
r16,md_beta9,"(16, 16)",tanh,10.0,39.41845975863431
r16,md_beta9,"(8, 4, 2)",tanh,0.5,61.22982540551864
r16,md_beta9,"(8, 4, 2)",tanh,1.0,55.30826353010997
r16,md_beta9,"(8, 4, 2)",tanh,2.0,51.91050786724744
r16,md_beta9,"(8, 4, 2)",tanh,3.0,41.075544676959055
r16,md_beta9,"(8, 4, 2)",tanh,5.0,40.66028517119657
r16,md_beta9,"(8, 4, 2)",tanh,10.0,40.3390931004796
r16,md_beta9,"(12, 6, 3)",tanh,0.5,57.2452440125119
r16,md_beta9,"(12, 6, 3)",tanh,1.0,63.62327511685314
r16,md_beta9,"(12, 6, 3)",tanh,2.0,56.29732813984043
r16,md_beta9,"(12, 6, 3)",tanh,3.0,49.20776971980208
r16,md_beta9,"(12, 6, 3)",tanh,5.0,42.902062256931536
r16,md_beta9,"(12, 6, 3)",tanh,10.0,40.14935907171831
r16,md_beta9,"(16, 8, 4)",tanh,0.5,62.22895580310961
r16,md_beta9,"(16, 8, 4)",tanh,1.0,64.4201214542463
r16,md_beta9,"(16, 8, 4)",tanh,2.0,54.15458816043256
r16,md_beta9,"(16, 8, 4)",tanh,3.0,45.93347825401027
r16,md_beta9,"(16, 8, 4)",tanh,5.0,38.61828775749618
r16,md_beta9,"(16, 8, 4)",tanh,10.0,39.81601885028534
r16,md_beta9,"(24, 12, 6)",tanh,0.5,68.38061974346219
r16,md_beta9,"(24, 12, 6)",tanh,1.0,58.531573722322605
r16,md_beta9,"(24, 12, 6)",tanh,2.0,56.64277604129616
r16,md_beta9,"(24, 12, 6)",tanh,3.0,50.22395968273513
r16,md_beta9,"(24, 12, 6)",tanh,5.0,42.04234964055304
r16,md_beta9,"(24, 12, 6)",tanh,10.0,39.4127199189286
r16,md_full11,"(8,)",tanh,0.5,37.10191482232188
r16,md_full11,"(8,)",tanh,1.0,33.048257899707025
r16,md_full11,"(8,)",tanh,2.0,28.538891856713747
r16,md_full11,"(8,)",tanh,3.0,28.805116514671614
r16,md_full11,"(8,)",tanh,5.0,29.812479794839305
r16,md_full11,"(8,)",tanh,10.0,32.664684584591875
r16,md_full11,"(12,)",tanh,0.5,36.35691041760983
r16,md_full11,"(12,)",tanh,1.0,29.809370846499945
r16,md_full11,"(12,)",tanh,2.0,27.44122275012931
r16,md_full11,"(12,)",tanh,3.0,29.805302279266943
r16,md_full11,"(12,)",tanh,5.0,30.101344939230728
r16,md_full11,"(12,)",tanh,10.0,32.87396618529142
r16,md_full11,"(4, 2)",tanh,0.5,28.548964179669497
r16,md_full11,"(4, 2)",tanh,1.0,33.01071722896452
r16,md_full11,"(4, 2)",tanh,2.0,27.696570216107744
r16,md_full11,"(4, 2)",tanh,3.0,27.67603644187944
r16,md_full11,"(4, 2)",tanh,5.0,28.50076618435495
r16,md_full11,"(4, 2)",tanh,10.0,32.33885966396556
r16,md_full11,"(6, 3)",tanh,0.5,37.48408653572583
r16,md_full11,"(6, 3)",tanh,1.0,32.72175881989613
r16,md_full11,"(6, 3)",tanh,2.0,27.81983253231231
r16,md_full11,"(6, 3)",tanh,3.0,29.271752036332224
r16,md_full11,"(6, 3)",tanh,5.0,28.03918322711913
r16,md_full11,"(6, 3)",tanh,10.0,30.674034711116587
r16,md_full11,"(8, 4)",tanh,0.5,37.90451897272207
r16,md_full11,"(8, 4)",tanh,1.0,32.916274058676336
r16,md_full11,"(8, 4)",tanh,2.0,32.22192418459928
r16,md_full11,"(8, 4)",tanh,3.0,29.89203780112777
r16,md_full11,"(8, 4)",tanh,5.0,29.58540506275971
r16,md_full11,"(8, 4)",tanh,10.0,30.56464802579644
r16,md_full11,"(10, 5)",tanh,0.5,35.145950399916934
r16,md_full11,"(10, 5)",tanh,1.0,36.62862160252449
r16,md_full11,"(10, 5)",tanh,2.0,31.322212105880112
r16,md_full11,"(10, 5)",tanh,3.0,30.86972560827693
r16,md_full11,"(10, 5)",tanh,5.0,29.619336847680348
r16,md_full11,"(10, 5)",tanh,10.0,30.533044473571174
r16,md_full11,"(12, 6)",tanh,0.5,33.31885491919594
r16,md_full11,"(12, 6)",tanh,1.0,31.42509768344332
r16,md_full11,"(12, 6)",tanh,2.0,32.81963647314143
r16,md_full11,"(12, 6)",tanh,3.0,30.434649371177017
r16,md_full11,"(12, 6)",tanh,5.0,29.59087544848316
r16,md_full11,"(12, 6)",tanh,10.0,30.367953734852325
r16,md_full11,"(16, 8)",tanh,0.5,39.226840439086274
r16,md_full11,"(16, 8)",tanh,1.0,36.537149418911966
r16,md_full11,"(16, 8)",tanh,2.0,32.68351947156456
r16,md_full11,"(16, 8)",tanh,3.0,32.077057129505484
r16,md_full11,"(16, 8)",tanh,5.0,30.09231080103337
r16,md_full11,"(16, 8)",tanh,10.0,30.237967200515666
r16,md_full11,"(20, 10)",tanh,0.5,38.84083931296311
r16,md_full11,"(20, 10)",tanh,1.0,35.44720808090428
r16,md_full11,"(20, 10)",tanh,2.0,32.75209600182183
r16,md_full11,"(20, 10)",tanh,3.0,32.3175699831
r16,md_full11,"(20, 10)",tanh,5.0,30.35083290446945
r16,md_full11,"(20, 10)",tanh,10.0,30.593651621692324
r16,md_full11,"(24, 12)",tanh,0.5,41.18864993617306
r16,md_full11,"(24, 12)",tanh,1.0,33.39374915843649
r16,md_full11,"(24, 12)",tanh,2.0,32.713278324691
r16,md_full11,"(24, 12)",tanh,3.0,32.32626760648662
r16,md_full11,"(24, 12)",tanh,5.0,30.71281083596656
r16,md_full11,"(24, 12)",tanh,10.0,30.596346616588285
r16,md_full11,"(8, 8)",tanh,0.5,39.930588980836205
r16,md_full11,"(8, 8)",tanh,1.0,35.38699534442713
r16,md_full11,"(8, 8)",tanh,2.0,32.0047321781519
r16,md_full11,"(8, 8)",tanh,3.0,32.37224909811907
r16,md_full11,"(8, 8)",tanh,5.0,30.732645643723355
r16,md_full11,"(8, 8)",tanh,10.0,30.347134990454503
r16,md_full11,"(16, 16)",tanh,0.5,37.00158271265524
r16,md_full11,"(16, 16)",tanh,1.0,35.21210630462387
r16,md_full11,"(16, 16)",tanh,2.0,33.65523868337523
r16,md_full11,"(16, 16)",tanh,3.0,31.30263007409718
r16,md_full11,"(16, 16)",tanh,5.0,30.8384230553904
r16,md_full11,"(16, 16)",tanh,10.0,30.61096072574071
r16,md_full11,"(8, 4, 2)",tanh,0.5,42.05205813790561
r16,md_full11,"(8, 4, 2)",tanh,1.0,31.47596940630246
r16,md_full11,"(8, 4, 2)",tanh,2.0,31.97553613997029
r16,md_full11,"(8, 4, 2)",tanh,3.0,29.640796000803107
r16,md_full11,"(8, 4, 2)",tanh,5.0,29.1759092571878
r16,md_full11,"(8, 4, 2)",tanh,10.0,31.84025259378281
r16,md_full11,"(12, 6, 3)",tanh,0.5,40.23450990497396
r16,md_full11,"(12, 6, 3)",tanh,1.0,35.665752755393584
r16,md_full11,"(12, 6, 3)",tanh,2.0,32.60796974753026
r16,md_full11,"(12, 6, 3)",tanh,3.0,30.932158820562865
r16,md_full11,"(12, 6, 3)",tanh,5.0,31.0266669943085
r16,md_full11,"(12, 6, 3)",tanh,10.0,30.15887232741743
r16,md_full11,"(16, 8, 4)",tanh,0.5,35.6186771083414
r16,md_full11,"(16, 8, 4)",tanh,1.0,31.715716849554703
r16,md_full11,"(16, 8, 4)",tanh,2.0,30.62295723443024
r16,md_full11,"(16, 8, 4)",tanh,3.0,32.292853770579214
r16,md_full11,"(16, 8, 4)",tanh,5.0,28.93526300230547
r16,md_full11,"(16, 8, 4)",tanh,10.0,30.408590784908437
r16,md_full11,"(24, 12, 6)",tanh,0.5,40.983802225927455
r16,md_full11,"(24, 12, 6)",tanh,1.0,34.42603649334535
r16,md_full11,"(24, 12, 6)",tanh,2.0,31.887868330149782
r16,md_full11,"(24, 12, 6)",tanh,3.0,34.29844048861003
r16,md_full11,"(24, 12, 6)",tanh,5.0,31.188613974760024
r16,md_full11,"(24, 12, 6)",tanh,10.0,30.66095409452514
r17,md_zeta9,"(8,)",tanh,0.5,33.811691060060205
r17,md_zeta9,"(8,)",tanh,1.0,26.25434307678409
r17,md_zeta9,"(8,)",tanh,2.0,26.111880955352053
r17,md_zeta9,"(8,)",tanh,3.0,26.53862535203744
r17,md_zeta9,"(8,)",tanh,5.0,29.78702633408694
r17,md_zeta9,"(8,)",tanh,10.0,34.14471643264117
r17,md_zeta9,"(12,)",tanh,0.5,27.153859584088814
r17,md_zeta9,"(12,)",tanh,1.0,28.50972830674504
r17,md_zeta9,"(12,)",tanh,2.0,26.30570163556211
r17,md_zeta9,"(12,)",tanh,3.0,26.4561987402737
r17,md_zeta9,"(12,)",tanh,5.0,29.825183278705005
r17,md_zeta9,"(12,)",tanh,10.0,34.279691111251694
r17,md_zeta9,"(4, 2)",tanh,0.5,28.41210234485876
r17,md_zeta9,"(4, 2)",tanh,1.0,30.39835236607318
r17,md_zeta9,"(4, 2)",tanh,2.0,26.377179100036624
r17,md_zeta9,"(4, 2)",tanh,3.0,26.74567080296104
r17,md_zeta9,"(4, 2)",tanh,5.0,27.355623797641137
r17,md_zeta9,"(4, 2)",tanh,10.0,32.74405134060296
r17,md_zeta9,"(6, 3)",tanh,0.5,26.453948143552225
r17,md_zeta9,"(6, 3)",tanh,1.0,31.064804475114453
r17,md_zeta9,"(6, 3)",tanh,2.0,26.28351081393111
r17,md_zeta9,"(6, 3)",tanh,3.0,24.979112200019937
r17,md_zeta9,"(6, 3)",tanh,5.0,25.59679470511528
r17,md_zeta9,"(6, 3)",tanh,10.0,31.471254215964148
r17,md_zeta9,"(8, 4)",tanh,0.5,34.47457936078452
r17,md_zeta9,"(8, 4)",tanh,1.0,31.55105795486725
r17,md_zeta9,"(8, 4)",tanh,2.0,25.69564486818253
r17,md_zeta9,"(8, 4)",tanh,3.0,27.417081056712515
r17,md_zeta9,"(8, 4)",tanh,5.0,27.02011820360203
r17,md_zeta9,"(8, 4)",tanh,10.0,31.60591719537897
r17,md_zeta9,"(10, 5)",tanh,0.5,31.93825178271594
r17,md_zeta9,"(10, 5)",tanh,1.0,26.632675369508405
r17,md_zeta9,"(10, 5)",tanh,2.0,27.985900076562512
r17,md_zeta9,"(10, 5)",tanh,3.0,26.064453216436515
r17,md_zeta9,"(10, 5)",tanh,5.0,26.881737808172108
r17,md_zeta9,"(10, 5)",tanh,10.0,31.56979277793959
r17,md_zeta9,"(12, 6)",tanh,0.5,30.645353323567317
r17,md_zeta9,"(12, 6)",tanh,1.0,27.38451097755859
r17,md_zeta9,"(12, 6)",tanh,2.0,26.17513815689197
r17,md_zeta9,"(12, 6)",tanh,3.0,26.573297089591385
r17,md_zeta9,"(12, 6)",tanh,5.0,27.765687738188188
r17,md_zeta9,"(12, 6)",tanh,10.0,31.34662733979761
r17,md_zeta9,"(16, 8)",tanh,0.5,33.12941215389323
r17,md_zeta9,"(16, 8)",tanh,1.0,28.44659721050364
r17,md_zeta9,"(16, 8)",tanh,2.0,28.43894242266272
r17,md_zeta9,"(16, 8)",tanh,3.0,27.52032934591851
r17,md_zeta9,"(16, 8)",tanh,5.0,26.450617951676637
r17,md_zeta9,"(16, 8)",tanh,10.0,31.47751168404694
r17,md_zeta9,"(20, 10)",tanh,0.5,32.15703941241469
r17,md_zeta9,"(20, 10)",tanh,1.0,28.64011240349568
r17,md_zeta9,"(20, 10)",tanh,2.0,28.17470618915355
r17,md_zeta9,"(20, 10)",tanh,3.0,27.77864983675868
r17,md_zeta9,"(20, 10)",tanh,5.0,27.064808078059627
r17,md_zeta9,"(20, 10)",tanh,10.0,31.144987305355308
r17,md_zeta9,"(24, 12)",tanh,0.5,31.18695183210381
r17,md_zeta9,"(24, 12)",tanh,1.0,27.240519493780045
r17,md_zeta9,"(24, 12)",tanh,2.0,28.734194051068958
r17,md_zeta9,"(24, 12)",tanh,3.0,27.0444327176525
r17,md_zeta9,"(24, 12)",tanh,5.0,28.04855884197541
r17,md_zeta9,"(24, 12)",tanh,10.0,31.56465544791563
r17,md_zeta9,"(8, 8)",tanh,0.5,33.33082785928469
r17,md_zeta9,"(8, 8)",tanh,1.0,29.314941237778328
r17,md_zeta9,"(8, 8)",tanh,2.0,27.406816164225017
r17,md_zeta9,"(8, 8)",tanh,3.0,27.160682737977595
r17,md_zeta9,"(8, 8)",tanh,5.0,26.21422394641303
r17,md_zeta9,"(8, 8)",tanh,10.0,30.899669509071124
r17,md_zeta9,"(16, 16)",tanh,0.5,31.428232063401527
r17,md_zeta9,"(16, 16)",tanh,1.0,26.57616903783679
r17,md_zeta9,"(16, 16)",tanh,2.0,27.55739877005005
r17,md_zeta9,"(16, 16)",tanh,3.0,26.805444564088678
r17,md_zeta9,"(16, 16)",tanh,5.0,27.53420277465405
r17,md_zeta9,"(16, 16)",tanh,10.0,31.476018189574177
r17,md_zeta9,"(8, 4, 2)",tanh,0.5,30.27580426694408
r17,md_zeta9,"(8, 4, 2)",tanh,1.0,32.97642300460963
r17,md_zeta9,"(8, 4, 2)",tanh,2.0,26.782540960551465
r17,md_zeta9,"(8, 4, 2)",tanh,3.0,26.75004802335723
r17,md_zeta9,"(8, 4, 2)",tanh,5.0,26.503423287009436
r17,md_zeta9,"(8, 4, 2)",tanh,10.0,30.81254293055073
r17,md_zeta9,"(12, 6, 3)",tanh,0.5,31.0957846128807
r17,md_zeta9,"(12, 6, 3)",tanh,1.0,28.49112197148664
r17,md_zeta9,"(12, 6, 3)",tanh,2.0,28.068635423942016
r17,md_zeta9,"(12, 6, 3)",tanh,3.0,27.01227235666492
r17,md_zeta9,"(12, 6, 3)",tanh,5.0,26.08404385638795
r17,md_zeta9,"(12, 6, 3)",tanh,10.0,30.064320145915083
r17,md_zeta9,"(16, 8, 4)",tanh,0.5,33.03922797987132
r17,md_zeta9,"(16, 8, 4)",tanh,1.0,31.06949005278309
r17,md_zeta9,"(16, 8, 4)",tanh,2.0,27.854445949204237
r17,md_zeta9,"(16, 8, 4)",tanh,3.0,27.71888104342829
r17,md_zeta9,"(16, 8, 4)",tanh,5.0,26.54802268924368
r17,md_zeta9,"(16, 8, 4)",tanh,10.0,29.95802500027857
r17,md_zeta9,"(24, 12, 6)",tanh,0.5,32.211815198314824
r17,md_zeta9,"(24, 12, 6)",tanh,1.0,31.25958511217978
r17,md_zeta9,"(24, 12, 6)",tanh,2.0,28.07826794230545
r17,md_zeta9,"(24, 12, 6)",tanh,3.0,27.43832947594437
r17,md_zeta9,"(24, 12, 6)",tanh,5.0,25.778388155837188
r17,md_zeta9,"(24, 12, 6)",tanh,10.0,29.82147422179753
r17,md_beta9,"(8,)",tanh,0.5,52.65499964904766
r17,md_beta9,"(8,)",tanh,1.0,47.67429933912653
r17,md_beta9,"(8,)",tanh,2.0,40.59746510114434
r17,md_beta9,"(8,)",tanh,3.0,39.55640834943272
r17,md_beta9,"(8,)",tanh,5.0,37.32280441057276
r17,md_beta9,"(8,)",tanh,10.0,39.55068568218917
r17,md_beta9,"(12,)",tanh,0.5,52.04626411260517
r17,md_beta9,"(12,)",tanh,1.0,43.56049081442903
r17,md_beta9,"(12,)",tanh,2.0,41.30376877108172
r17,md_beta9,"(12,)",tanh,3.0,38.6318729245919
r17,md_beta9,"(12,)",tanh,5.0,38.27971316372702
r17,md_beta9,"(12,)",tanh,10.0,39.83373082789736
r17,md_beta9,"(4, 2)",tanh,0.5,43.76048632290332
r17,md_beta9,"(4, 2)",tanh,1.0,39.13718857673899
r17,md_beta9,"(4, 2)",tanh,2.0,38.90313492569662
r17,md_beta9,"(4, 2)",tanh,3.0,38.23619007987427
r17,md_beta9,"(4, 2)",tanh,5.0,37.750598518650925
r17,md_beta9,"(4, 2)",tanh,10.0,37.55740536541079
r17,md_beta9,"(6, 3)",tanh,0.5,49.32067164963017
r17,md_beta9,"(6, 3)",tanh,1.0,51.212241923268365
r17,md_beta9,"(6, 3)",tanh,2.0,44.12611090261125
r17,md_beta9,"(6, 3)",tanh,3.0,39.18104929328028
r17,md_beta9,"(6, 3)",tanh,5.0,37.82922776508036
r17,md_beta9,"(6, 3)",tanh,10.0,38.921042417457215
r17,md_beta9,"(8, 4)",tanh,0.5,59.911084754428046
r17,md_beta9,"(8, 4)",tanh,1.0,52.059101590185904
r17,md_beta9,"(8, 4)",tanh,2.0,46.221282112942575
r17,md_beta9,"(8, 4)",tanh,3.0,42.052275745294885
r17,md_beta9,"(8, 4)",tanh,5.0,36.47411979277126
r17,md_beta9,"(8, 4)",tanh,10.0,38.181570857181775
r17,md_beta9,"(10, 5)",tanh,0.5,54.24003610449636
r17,md_beta9,"(10, 5)",tanh,1.0,57.61678007952779
r17,md_beta9,"(10, 5)",tanh,2.0,49.22853318268956
r17,md_beta9,"(10, 5)",tanh,3.0,42.259777102288986
r17,md_beta9,"(10, 5)",tanh,5.0,36.73680529814864
r17,md_beta9,"(10, 5)",tanh,10.0,38.07893831183642
r17,md_beta9,"(12, 6)",tanh,0.5,59.1511384806642
r17,md_beta9,"(12, 6)",tanh,1.0,56.808068190860354
r17,md_beta9,"(12, 6)",tanh,2.0,49.770852495379046
r17,md_beta9,"(12, 6)",tanh,3.0,42.99746543213663
r17,md_beta9,"(12, 6)",tanh,5.0,36.34606678675665
r17,md_beta9,"(12, 6)",tanh,10.0,37.46756280467294
r17,md_beta9,"(16, 8)",tanh,0.5,60.45898696890206
r17,md_beta9,"(16, 8)",tanh,1.0,54.48262861488562
r17,md_beta9,"(16, 8)",tanh,2.0,50.123126373429294
r17,md_beta9,"(16, 8)",tanh,3.0,46.90718224131391
r17,md_beta9,"(16, 8)",tanh,5.0,39.22088400897416
r17,md_beta9,"(16, 8)",tanh,10.0,37.74275536887842
r17,md_beta9,"(20, 10)",tanh,0.5,59.161186464681045
r17,md_beta9,"(20, 10)",tanh,1.0,55.73256603174461
r17,md_beta9,"(20, 10)",tanh,2.0,47.857410440419166
r17,md_beta9,"(20, 10)",tanh,3.0,40.19488001545379
r17,md_beta9,"(20, 10)",tanh,5.0,40.02694041934688
r17,md_beta9,"(20, 10)",tanh,10.0,38.183225004569366
r17,md_beta9,"(24, 12)",tanh,0.5,56.67924925925615
r17,md_beta9,"(24, 12)",tanh,1.0,60.86806065950543
r17,md_beta9,"(24, 12)",tanh,2.0,46.60240695403291
r17,md_beta9,"(24, 12)",tanh,3.0,46.71355331935642
r17,md_beta9,"(24, 12)",tanh,5.0,39.28748751053995
r17,md_beta9,"(24, 12)",tanh,10.0,38.20926526079021
r17,md_beta9,"(8, 8)",tanh,0.5,61.3159953707972
r17,md_beta9,"(8, 8)",tanh,1.0,53.48050755421907
r17,md_beta9,"(8, 8)",tanh,2.0,46.82888028179718
r17,md_beta9,"(8, 8)",tanh,3.0,40.3796947629159
r17,md_beta9,"(8, 8)",tanh,5.0,37.775796130911466
r17,md_beta9,"(8, 8)",tanh,10.0,37.69595895487627
r17,md_beta9,"(16, 16)",tanh,0.5,58.55017305286276
r17,md_beta9,"(16, 16)",tanh,1.0,56.74656962779021
r17,md_beta9,"(16, 16)",tanh,2.0,52.27668684319609
r17,md_beta9,"(16, 16)",tanh,3.0,41.36051453611464
r17,md_beta9,"(16, 16)",tanh,5.0,40.29538983623697
r17,md_beta9,"(16, 16)",tanh,10.0,37.38890384360025
r17,md_beta9,"(8, 4, 2)",tanh,0.5,59.39572703096094
r17,md_beta9,"(8, 4, 2)",tanh,1.0,47.31096136935024
r17,md_beta9,"(8, 4, 2)",tanh,2.0,48.17450468343538
r17,md_beta9,"(8, 4, 2)",tanh,3.0,42.05460387121626
r17,md_beta9,"(8, 4, 2)",tanh,5.0,38.05244963462222
r17,md_beta9,"(8, 4, 2)",tanh,10.0,38.27308362036122
r17,md_beta9,"(12, 6, 3)",tanh,0.5,55.93196947264347
r17,md_beta9,"(12, 6, 3)",tanh,1.0,57.351572430552245
r17,md_beta9,"(12, 6, 3)",tanh,2.0,52.70499013357788
r17,md_beta9,"(12, 6, 3)",tanh,3.0,43.147839427912594
r17,md_beta9,"(12, 6, 3)",tanh,5.0,38.605367785424754
r17,md_beta9,"(12, 6, 3)",tanh,10.0,37.88912478151328
r17,md_beta9,"(16, 8, 4)",tanh,0.5,55.492170249422784
r17,md_beta9,"(16, 8, 4)",tanh,1.0,57.77440186374956
r17,md_beta9,"(16, 8, 4)",tanh,2.0,51.63743012459937
r17,md_beta9,"(16, 8, 4)",tanh,3.0,46.33733644255194
r17,md_beta9,"(16, 8, 4)",tanh,5.0,36.81089062461104
r17,md_beta9,"(16, 8, 4)",tanh,10.0,37.825107297402816
r17,md_beta9,"(24, 12, 6)",tanh,0.5,59.84521583221797
r17,md_beta9,"(24, 12, 6)",tanh,1.0,58.113142936586925
r17,md_beta9,"(24, 12, 6)",tanh,2.0,53.65976127066377
r17,md_beta9,"(24, 12, 6)",tanh,3.0,44.25453095224051
r17,md_beta9,"(24, 12, 6)",tanh,5.0,37.09110541085155
r17,md_beta9,"(24, 12, 6)",tanh,10.0,38.17243290493347
r17,md_full11,"(8,)",tanh,0.5,30.176750200051664
r17,md_full11,"(8,)",tanh,1.0,27.91138085946082
r17,md_full11,"(8,)",tanh,2.0,26.53503610599833
r17,md_full11,"(8,)",tanh,3.0,26.6054838060788
r17,md_full11,"(8,)",tanh,5.0,27.193975737492632
r17,md_full11,"(8,)",tanh,10.0,31.008823605619742
r17,md_full11,"(12,)",tanh,0.5,29.541503661459117
r17,md_full11,"(12,)",tanh,1.0,28.44732734695567
r17,md_full11,"(12,)",tanh,2.0,27.759992588331727
r17,md_full11,"(12,)",tanh,3.0,26.48429229556774
r17,md_full11,"(12,)",tanh,5.0,27.103761397899383
r17,md_full11,"(12,)",tanh,10.0,31.10392719724182
r17,md_full11,"(4, 2)",tanh,0.5,37.49510735109358
r17,md_full11,"(4, 2)",tanh,1.0,30.356480848642622
r17,md_full11,"(4, 2)",tanh,2.0,29.36448108636771
r17,md_full11,"(4, 2)",tanh,3.0,24.51340404349707
r17,md_full11,"(4, 2)",tanh,5.0,26.794051730112983
r17,md_full11,"(4, 2)",tanh,10.0,32.394817495768685
r17,md_full11,"(6, 3)",tanh,0.5,32.251979657116195
r17,md_full11,"(6, 3)",tanh,1.0,31.655148965576256
r17,md_full11,"(6, 3)",tanh,2.0,24.61401877275782
r17,md_full11,"(6, 3)",tanh,3.0,24.57909188652335
r17,md_full11,"(6, 3)",tanh,5.0,25.51070942102776
r17,md_full11,"(6, 3)",tanh,10.0,30.0754123352879
r17,md_full11,"(8, 4)",tanh,0.5,32.306873751510444
r17,md_full11,"(8, 4)",tanh,1.0,28.29877456780057
r17,md_full11,"(8, 4)",tanh,2.0,27.847472671753525
r17,md_full11,"(8, 4)",tanh,3.0,25.80303771654505
r17,md_full11,"(8, 4)",tanh,5.0,25.408568868400987
r17,md_full11,"(8, 4)",tanh,10.0,29.68083895084854
r17,md_full11,"(10, 5)",tanh,0.5,32.56600063432533
r17,md_full11,"(10, 5)",tanh,1.0,30.55511980034461
r17,md_full11,"(10, 5)",tanh,2.0,27.78941931337307
r17,md_full11,"(10, 5)",tanh,3.0,25.225044007061875
r17,md_full11,"(10, 5)",tanh,5.0,25.386246475159812
r17,md_full11,"(10, 5)",tanh,10.0,29.77592817079865
r17,md_full11,"(12, 6)",tanh,0.5,32.0639541974986
r17,md_full11,"(12, 6)",tanh,1.0,31.35462738767785
r17,md_full11,"(12, 6)",tanh,2.0,27.83885436367143
r17,md_full11,"(12, 6)",tanh,3.0,25.857941836729207
r17,md_full11,"(12, 6)",tanh,5.0,25.774722696776596
r17,md_full11,"(12, 6)",tanh,10.0,29.75449854772596
r17,md_full11,"(16, 8)",tanh,0.5,30.83123811232384
r17,md_full11,"(16, 8)",tanh,1.0,30.69220674503968
r17,md_full11,"(16, 8)",tanh,2.0,28.910267205433627
r17,md_full11,"(16, 8)",tanh,3.0,25.81609059595345
r17,md_full11,"(16, 8)",tanh,5.0,25.99516774119912
r17,md_full11,"(16, 8)",tanh,10.0,29.26580173014675
r17,md_full11,"(20, 10)",tanh,0.5,30.28405591831746
r17,md_full11,"(20, 10)",tanh,1.0,32.90129545423681
r17,md_full11,"(20, 10)",tanh,2.0,28.024981496172625
r17,md_full11,"(20, 10)",tanh,3.0,26.203932919182037
r17,md_full11,"(20, 10)",tanh,5.0,25.46890995997063
r17,md_full11,"(20, 10)",tanh,10.0,29.56800000976615
r17,md_full11,"(24, 12)",tanh,0.5,33.693140040021795
r17,md_full11,"(24, 12)",tanh,1.0,31.506028249866347
r17,md_full11,"(24, 12)",tanh,2.0,28.70200089959012
r17,md_full11,"(24, 12)",tanh,3.0,26.479892357674785
r17,md_full11,"(24, 12)",tanh,5.0,25.979811912730717
r17,md_full11,"(24, 12)",tanh,10.0,29.457699932745903
r17,md_full11,"(8, 8)",tanh,0.5,29.81644427207231
r17,md_full11,"(8, 8)",tanh,1.0,31.340688008587826
r17,md_full11,"(8, 8)",tanh,2.0,26.75967190279325
r17,md_full11,"(8, 8)",tanh,3.0,25.960492500566197
r17,md_full11,"(8, 8)",tanh,5.0,25.631318784913265
r17,md_full11,"(8, 8)",tanh,10.0,29.427307066693864
r17,md_full11,"(16, 16)",tanh,0.5,31.639741722765244
r17,md_full11,"(16, 16)",tanh,1.0,30.002674360663924
r17,md_full11,"(16, 16)",tanh,2.0,28.366763385860725
r17,md_full11,"(16, 16)",tanh,3.0,26.124899184982517
r17,md_full11,"(16, 16)",tanh,5.0,25.879830909235032
r17,md_full11,"(16, 16)",tanh,10.0,29.199271219136158
r17,md_full11,"(8, 4, 2)",tanh,0.5,32.58557496148516
r17,md_full11,"(8, 4, 2)",tanh,1.0,29.141686283210657
r17,md_full11,"(8, 4, 2)",tanh,2.0,31.45555542578061
r17,md_full11,"(8, 4, 2)",tanh,3.0,27.27290438629002
r17,md_full11,"(8, 4, 2)",tanh,5.0,25.387079462833665
r17,md_full11,"(8, 4, 2)",tanh,10.0,31.57468443606815
r17,md_full11,"(12, 6, 3)",tanh,0.5,31.077837803844687
r17,md_full11,"(12, 6, 3)",tanh,1.0,28.40461738494169
r17,md_full11,"(12, 6, 3)",tanh,2.0,27.198799836920596
r17,md_full11,"(12, 6, 3)",tanh,3.0,28.803052395915746
r17,md_full11,"(12, 6, 3)",tanh,5.0,24.32154199765116
r17,md_full11,"(12, 6, 3)",tanh,10.0,28.500172898661837
r17,md_full11,"(16, 8, 4)",tanh,0.5,32.09694607483739
r17,md_full11,"(16, 8, 4)",tanh,1.0,33.33349220394878
r17,md_full11,"(16, 8, 4)",tanh,2.0,29.3621952142498
r17,md_full11,"(16, 8, 4)",tanh,3.0,26.025125491758352
r17,md_full11,"(16, 8, 4)",tanh,5.0,24.93613148026379
r17,md_full11,"(16, 8, 4)",tanh,10.0,28.90817415235947
r17,md_full11,"(24, 12, 6)",tanh,0.5,35.304483278172164
r17,md_full11,"(24, 12, 6)",tanh,1.0,33.233714585217854
r17,md_full11,"(24, 12, 6)",tanh,2.0,31.83394260009802
r17,md_full11,"(24, 12, 6)",tanh,3.0,26.076431112525533
r17,md_full11,"(24, 12, 6)",tanh,5.0,24.17923492578956
r17,md_full11,"(24, 12, 6)",tanh,10.0,28.58529944720322
r18,md_zeta9,"(8,)",tanh,0.5,31.68192416081188
r18,md_zeta9,"(8,)",tanh,1.0,32.07770623287143
r18,md_zeta9,"(8,)",tanh,2.0,28.90467556820338
r18,md_zeta9,"(8,)",tanh,3.0,28.17336615553332
r18,md_zeta9,"(8,)",tanh,5.0,30.200562767381825
r18,md_zeta9,"(8,)",tanh,10.0,35.48620303703272
r18,md_zeta9,"(12,)",tanh,0.5,32.968061477165165
r18,md_zeta9,"(12,)",tanh,1.0,31.7071055165569
r18,md_zeta9,"(12,)",tanh,2.0,28.458105536908864
r18,md_zeta9,"(12,)",tanh,3.0,28.518923055209637
r18,md_zeta9,"(12,)",tanh,5.0,30.44501284706505
r18,md_zeta9,"(12,)",tanh,10.0,35.50604087081653
r18,md_zeta9,"(4, 2)",tanh,0.5,32.62001695015321
r18,md_zeta9,"(4, 2)",tanh,1.0,33.22571341118764
r18,md_zeta9,"(4, 2)",tanh,2.0,30.46599293617306
r18,md_zeta9,"(4, 2)",tanh,3.0,28.752748400151997
r18,md_zeta9,"(4, 2)",tanh,5.0,29.75144854464252
r18,md_zeta9,"(4, 2)",tanh,10.0,32.79848421119874
r18,md_zeta9,"(6, 3)",tanh,0.5,29.647659996449523
r18,md_zeta9,"(6, 3)",tanh,1.0,28.1296888963228
r18,md_zeta9,"(6, 3)",tanh,2.0,29.384091257615086
r18,md_zeta9,"(6, 3)",tanh,3.0,27.734062820707315
r18,md_zeta9,"(6, 3)",tanh,5.0,27.308799806197577
r18,md_zeta9,"(6, 3)",tanh,10.0,32.22561009387032
r18,md_zeta9,"(8, 4)",tanh,0.5,33.06648346021142
r18,md_zeta9,"(8, 4)",tanh,1.0,29.82730805622604
r18,md_zeta9,"(8, 4)",tanh,2.0,29.39032067914737
r18,md_zeta9,"(8, 4)",tanh,3.0,27.667036237532603
r18,md_zeta9,"(8, 4)",tanh,5.0,28.56460971482171
r18,md_zeta9,"(8, 4)",tanh,10.0,32.482908327148394
r18,md_zeta9,"(10, 5)",tanh,0.5,31.726938005997543
r18,md_zeta9,"(10, 5)",tanh,1.0,28.49167566689116
r18,md_zeta9,"(10, 5)",tanh,2.0,27.76961238391324
r18,md_zeta9,"(10, 5)",tanh,3.0,26.556369049863008
r18,md_zeta9,"(10, 5)",tanh,5.0,27.552721619702066
r18,md_zeta9,"(10, 5)",tanh,10.0,32.52698594092138
r18,md_zeta9,"(12, 6)",tanh,0.5,33.71105147976469
r18,md_zeta9,"(12, 6)",tanh,1.0,30.518545854748613
r18,md_zeta9,"(12, 6)",tanh,2.0,28.156176441255088
r18,md_zeta9,"(12, 6)",tanh,3.0,29.1856623808137
r18,md_zeta9,"(12, 6)",tanh,5.0,27.693898834489453
r18,md_zeta9,"(12, 6)",tanh,10.0,32.29431765518867
r18,md_zeta9,"(16, 8)",tanh,0.5,31.05256849119213
r18,md_zeta9,"(16, 8)",tanh,1.0,30.608758648587774
r18,md_zeta9,"(16, 8)",tanh,2.0,30.191431081533047
r18,md_zeta9,"(16, 8)",tanh,3.0,29.892217175838528
r18,md_zeta9,"(16, 8)",tanh,5.0,27.692725795523224
r18,md_zeta9,"(16, 8)",tanh,10.0,32.69688523066243
r18,md_zeta9,"(20, 10)",tanh,0.5,31.733898644064915
r18,md_zeta9,"(20, 10)",tanh,1.0,29.8153916428152
r18,md_zeta9,"(20, 10)",tanh,2.0,29.635441792957305
r18,md_zeta9,"(20, 10)",tanh,3.0,29.931609602295246
r18,md_zeta9,"(20, 10)",tanh,5.0,27.965302922489467
r18,md_zeta9,"(20, 10)",tanh,10.0,31.69965509926761
r18,md_zeta9,"(24, 12)",tanh,0.5,34.11376012299854
r18,md_zeta9,"(24, 12)",tanh,1.0,29.961127319795636
r18,md_zeta9,"(24, 12)",tanh,2.0,29.23611423614257
r18,md_zeta9,"(24, 12)",tanh,3.0,29.80732163655621
r18,md_zeta9,"(24, 12)",tanh,5.0,27.713100372592333
r18,md_zeta9,"(24, 12)",tanh,10.0,32.308704117649924
r18,md_zeta9,"(8, 8)",tanh,0.5,33.603608891562075
r18,md_zeta9,"(8, 8)",tanh,1.0,31.21994652859301
r18,md_zeta9,"(8, 8)",tanh,2.0,29.12305336944518
r18,md_zeta9,"(8, 8)",tanh,3.0,29.46519984792326
r18,md_zeta9,"(8, 8)",tanh,5.0,27.766411846167795
r18,md_zeta9,"(8, 8)",tanh,10.0,31.6334191931655
r18,md_zeta9,"(16, 16)",tanh,0.5,33.79820707639821
r18,md_zeta9,"(16, 16)",tanh,1.0,30.67054920302648
r18,md_zeta9,"(16, 16)",tanh,2.0,30.691391764038475
r18,md_zeta9,"(16, 16)",tanh,3.0,27.709494209602223
r18,md_zeta9,"(16, 16)",tanh,5.0,28.03699162588851
r18,md_zeta9,"(16, 16)",tanh,10.0,32.27422996324773
r18,md_zeta9,"(8, 4, 2)",tanh,0.5,29.10608663062382
r18,md_zeta9,"(8, 4, 2)",tanh,1.0,28.518822863956096
r18,md_zeta9,"(8, 4, 2)",tanh,2.0,30.869871714810984
r18,md_zeta9,"(8, 4, 2)",tanh,3.0,28.007085549112578
r18,md_zeta9,"(8, 4, 2)",tanh,5.0,27.520262114557788
r18,md_zeta9,"(8, 4, 2)",tanh,10.0,31.65108567528357
r18,md_zeta9,"(12, 6, 3)",tanh,0.5,29.165678544694508
r18,md_zeta9,"(12, 6, 3)",tanh,1.0,30.239680696081894
r18,md_zeta9,"(12, 6, 3)",tanh,2.0,30.82700280067992
r18,md_zeta9,"(12, 6, 3)",tanh,3.0,29.496968763713248
r18,md_zeta9,"(12, 6, 3)",tanh,5.0,27.05046614096738
r18,md_zeta9,"(12, 6, 3)",tanh,10.0,31.48394156478283
r18,md_zeta9,"(16, 8, 4)",tanh,0.5,33.441032464261895
r18,md_zeta9,"(16, 8, 4)",tanh,1.0,27.713574421429502
r18,md_zeta9,"(16, 8, 4)",tanh,2.0,29.15390756576278
r18,md_zeta9,"(16, 8, 4)",tanh,3.0,28.8389701613996
r18,md_zeta9,"(16, 8, 4)",tanh,5.0,27.58343982718274
r18,md_zeta9,"(16, 8, 4)",tanh,10.0,31.56119681037024
r18,md_zeta9,"(24, 12, 6)",tanh,0.5,31.68884174215836
r18,md_zeta9,"(24, 12, 6)",tanh,1.0,31.35663316688558
r18,md_zeta9,"(24, 12, 6)",tanh,2.0,28.56538297963252
r18,md_zeta9,"(24, 12, 6)",tanh,3.0,30.07133541568096
r18,md_zeta9,"(24, 12, 6)",tanh,5.0,28.849093317677603
r18,md_zeta9,"(24, 12, 6)",tanh,10.0,31.501587900741264
r18,md_beta9,"(8,)",tanh,0.5,59.36748402808704
r18,md_beta9,"(8,)",tanh,1.0,52.90870940135816
r18,md_beta9,"(8,)",tanh,2.0,44.02061489270765
r18,md_beta9,"(8,)",tanh,3.0,42.17675855852438
r18,md_beta9,"(8,)",tanh,5.0,38.549949569411226
r18,md_beta9,"(8,)",tanh,10.0,39.2214889234899
r18,md_beta9,"(12,)",tanh,0.5,59.0784813399513
r18,md_beta9,"(12,)",tanh,1.0,49.46953857422272
r18,md_beta9,"(12,)",tanh,2.0,43.74363717619933
r18,md_beta9,"(12,)",tanh,3.0,42.5033836344868
r18,md_beta9,"(12,)",tanh,5.0,38.87264246017991
r18,md_beta9,"(12,)",tanh,10.0,39.32397975704234
r18,md_beta9,"(4, 2)",tanh,0.5,42.81497153358859
r18,md_beta9,"(4, 2)",tanh,1.0,42.370497945361095
r18,md_beta9,"(4, 2)",tanh,2.0,41.24360914657505
r18,md_beta9,"(4, 2)",tanh,3.0,38.82188175324841
r18,md_beta9,"(4, 2)",tanh,5.0,37.37156530671588
r18,md_beta9,"(4, 2)",tanh,10.0,39.49177518478832
r18,md_beta9,"(6, 3)",tanh,0.5,45.72981294401919
r18,md_beta9,"(6, 3)",tanh,1.0,49.8177113989636
r18,md_beta9,"(6, 3)",tanh,2.0,38.99757346806152
r18,md_beta9,"(6, 3)",tanh,3.0,42.360194723224126
r18,md_beta9,"(6, 3)",tanh,5.0,41.180946261270094
r18,md_beta9,"(6, 3)",tanh,10.0,38.2908262060203
r18,md_beta9,"(8, 4)",tanh,0.5,64.82239748269465
r18,md_beta9,"(8, 4)",tanh,1.0,54.09656311989748
r18,md_beta9,"(8, 4)",tanh,2.0,46.28556216663815
r18,md_beta9,"(8, 4)",tanh,3.0,47.25998957408287
r18,md_beta9,"(8, 4)",tanh,5.0,40.15295174671495
r18,md_beta9,"(8, 4)",tanh,10.0,37.66460142328599
r18,md_beta9,"(10, 5)",tanh,0.5,62.30698800003572
r18,md_beta9,"(10, 5)",tanh,1.0,58.58034985029108
r18,md_beta9,"(10, 5)",tanh,2.0,54.863889329583
r18,md_beta9,"(10, 5)",tanh,3.0,42.225544230074696
r18,md_beta9,"(10, 5)",tanh,5.0,40.01741289746906
r18,md_beta9,"(10, 5)",tanh,10.0,37.17036959774107
r18,md_beta9,"(12, 6)",tanh,0.5,64.91404852739205
r18,md_beta9,"(12, 6)",tanh,1.0,62.15742981015912
r18,md_beta9,"(12, 6)",tanh,2.0,56.34639364299535
r18,md_beta9,"(12, 6)",tanh,3.0,44.115331263260565
r18,md_beta9,"(12, 6)",tanh,5.0,39.31087498683837
r18,md_beta9,"(12, 6)",tanh,10.0,37.34175502915245
r18,md_beta9,"(16, 8)",tanh,0.5,61.76499213860408
r18,md_beta9,"(16, 8)",tanh,1.0,61.28515704292063
r18,md_beta9,"(16, 8)",tanh,2.0,55.121517184644105
r18,md_beta9,"(16, 8)",tanh,3.0,52.74036251258411
r18,md_beta9,"(16, 8)",tanh,5.0,42.38164757095454
r18,md_beta9,"(16, 8)",tanh,10.0,37.08907018416599
r18,md_beta9,"(20, 10)",tanh,0.5,63.96808752886111
r18,md_beta9,"(20, 10)",tanh,1.0,61.163882595026095
r18,md_beta9,"(20, 10)",tanh,2.0,51.879436067700375
r18,md_beta9,"(20, 10)",tanh,3.0,47.456607790362725
r18,md_beta9,"(20, 10)",tanh,5.0,42.47491377439707
r18,md_beta9,"(20, 10)",tanh,10.0,37.49578496740617
r18,md_beta9,"(24, 12)",tanh,0.5,65.88394826097388
r18,md_beta9,"(24, 12)",tanh,1.0,64.95562355613586
r18,md_beta9,"(24, 12)",tanh,2.0,56.363055308331376
r18,md_beta9,"(24, 12)",tanh,3.0,51.48550312810464
r18,md_beta9,"(24, 12)",tanh,5.0,41.268481928815234
r18,md_beta9,"(24, 12)",tanh,10.0,37.84650980775417
r18,md_beta9,"(8, 8)",tanh,0.5,66.00665237436206
r18,md_beta9,"(8, 8)",tanh,1.0,64.25388812912294
r18,md_beta9,"(8, 8)",tanh,2.0,55.47591228560496
r18,md_beta9,"(8, 8)",tanh,3.0,40.31710271155784
r18,md_beta9,"(8, 8)",tanh,5.0,41.01425799435144
r18,md_beta9,"(8, 8)",tanh,10.0,37.57560443150847
r18,md_beta9,"(16, 16)",tanh,0.5,72.1424900029667
r18,md_beta9,"(16, 16)",tanh,1.0,60.78922355531124
r18,md_beta9,"(16, 16)",tanh,2.0,57.74311732535813
r18,md_beta9,"(16, 16)",tanh,3.0,48.198586020847046
r18,md_beta9,"(16, 16)",tanh,5.0,42.62975835078953
r18,md_beta9,"(16, 16)",tanh,10.0,37.744632610804274
r18,md_beta9,"(8, 4, 2)",tanh,0.5,57.0441279712642
r18,md_beta9,"(8, 4, 2)",tanh,1.0,53.34884087956268
r18,md_beta9,"(8, 4, 2)",tanh,2.0,45.619617134796144
r18,md_beta9,"(8, 4, 2)",tanh,3.0,43.81845572089728
r18,md_beta9,"(8, 4, 2)",tanh,5.0,39.23527155993365
r18,md_beta9,"(8, 4, 2)",tanh,10.0,39.47818072466979
r18,md_beta9,"(12, 6, 3)",tanh,0.5,61.09500369584508
r18,md_beta9,"(12, 6, 3)",tanh,1.0,52.52673520651888
r18,md_beta9,"(12, 6, 3)",tanh,2.0,50.66306295635472
r18,md_beta9,"(12, 6, 3)",tanh,3.0,44.55295363048609
r18,md_beta9,"(12, 6, 3)",tanh,5.0,40.1394502588238
r18,md_beta9,"(12, 6, 3)",tanh,10.0,38.70766109230814
r18,md_beta9,"(16, 8, 4)",tanh,0.5,61.33040825357873
r18,md_beta9,"(16, 8, 4)",tanh,1.0,57.49591747823328
r18,md_beta9,"(16, 8, 4)",tanh,2.0,54.2843225408444
r18,md_beta9,"(16, 8, 4)",tanh,3.0,48.19353215969907
r18,md_beta9,"(16, 8, 4)",tanh,5.0,41.84583644534112
r18,md_beta9,"(16, 8, 4)",tanh,10.0,38.961152232192966
r18,md_beta9,"(24, 12, 6)",tanh,0.5,65.06965721687695
r18,md_beta9,"(24, 12, 6)",tanh,1.0,64.84084475246375
r18,md_beta9,"(24, 12, 6)",tanh,2.0,57.35911046255829
r18,md_beta9,"(24, 12, 6)",tanh,3.0,51.377031546376585
r18,md_beta9,"(24, 12, 6)",tanh,5.0,44.09899928835729
r18,md_beta9,"(24, 12, 6)",tanh,10.0,39.0912929433556
r18,md_full11,"(8,)",tanh,0.5,34.52810992068299
r18,md_full11,"(8,)",tanh,1.0,33.696188552955206
r18,md_full11,"(8,)",tanh,2.0,29.38891030996588
r18,md_full11,"(8,)",tanh,3.0,28.75312965731205
r18,md_full11,"(8,)",tanh,5.0,28.3544960004269
r18,md_full11,"(8,)",tanh,10.0,32.25091638865058
r18,md_full11,"(12,)",tanh,0.5,36.18806059654255
r18,md_full11,"(12,)",tanh,1.0,32.22109850846152
r18,md_full11,"(12,)",tanh,2.0,29.337310602101383
r18,md_full11,"(12,)",tanh,3.0,28.727466265212847
r18,md_full11,"(12,)",tanh,5.0,28.82350587989868
r18,md_full11,"(12,)",tanh,10.0,32.49927577562028
r18,md_full11,"(4, 2)",tanh,0.5,33.27350216357532
r18,md_full11,"(4, 2)",tanh,1.0,37.53981437693871
r18,md_full11,"(4, 2)",tanh,2.0,28.797150893230253
r18,md_full11,"(4, 2)",tanh,3.0,28.85967549253356
r18,md_full11,"(4, 2)",tanh,5.0,28.34461023328127
r18,md_full11,"(4, 2)",tanh,10.0,32.52459527372096
r18,md_full11,"(6, 3)",tanh,0.5,43.5331664939488
r18,md_full11,"(6, 3)",tanh,1.0,30.7106237960793
r18,md_full11,"(6, 3)",tanh,2.0,30.699269907453903
r18,md_full11,"(6, 3)",tanh,3.0,29.850053894347425
r18,md_full11,"(6, 3)",tanh,5.0,28.9642137267252
r18,md_full11,"(6, 3)",tanh,10.0,30.59748504412316
r18,md_full11,"(8, 4)",tanh,0.5,36.49737003324726
r18,md_full11,"(8, 4)",tanh,1.0,32.82450603795633
r18,md_full11,"(8, 4)",tanh,2.0,29.927618940500217
r18,md_full11,"(8, 4)",tanh,3.0,31.04048024397673
r18,md_full11,"(8, 4)",tanh,5.0,28.919050502950377
r18,md_full11,"(8, 4)",tanh,10.0,30.00217743294157
r18,md_full11,"(10, 5)",tanh,0.5,37.38124135921145
r18,md_full11,"(10, 5)",tanh,1.0,33.35761245338993
r18,md_full11,"(10, 5)",tanh,2.0,30.93539496939917
r18,md_full11,"(10, 5)",tanh,3.0,29.21818051467489
r18,md_full11,"(10, 5)",tanh,5.0,28.038971870778504
r18,md_full11,"(10, 5)",tanh,10.0,29.86504108376085
r18,md_full11,"(12, 6)",tanh,0.5,37.42224620020481
r18,md_full11,"(12, 6)",tanh,1.0,36.54233589255468
r18,md_full11,"(12, 6)",tanh,2.0,30.751515703157036
r18,md_full11,"(12, 6)",tanh,3.0,29.78918102901512
r18,md_full11,"(12, 6)",tanh,5.0,28.725398210882894
r18,md_full11,"(12, 6)",tanh,10.0,29.828655158585367
r18,md_full11,"(16, 8)",tanh,0.5,37.17811517904025
r18,md_full11,"(16, 8)",tanh,1.0,37.440236190014375
r18,md_full11,"(16, 8)",tanh,2.0,34.32296315301753
r18,md_full11,"(16, 8)",tanh,3.0,30.12321920725795
r18,md_full11,"(16, 8)",tanh,5.0,30.006737641171355
r18,md_full11,"(16, 8)",tanh,10.0,29.765623212557813
r18,md_full11,"(20, 10)",tanh,0.5,39.763054330478525
r18,md_full11,"(20, 10)",tanh,1.0,35.84519767979757
r18,md_full11,"(20, 10)",tanh,2.0,34.03044298280686
r18,md_full11,"(20, 10)",tanh,3.0,31.06877454560895
r18,md_full11,"(20, 10)",tanh,5.0,28.3908163868781
r18,md_full11,"(20, 10)",tanh,10.0,29.729810945313783
r18,md_full11,"(24, 12)",tanh,0.5,38.20206483512693
r18,md_full11,"(24, 12)",tanh,1.0,37.86662469314302
r18,md_full11,"(24, 12)",tanh,2.0,33.97218688104242
r18,md_full11,"(24, 12)",tanh,3.0,29.834079796980824
r18,md_full11,"(24, 12)",tanh,5.0,29.001333492711893
r18,md_full11,"(24, 12)",tanh,10.0,29.75372577506301
r18,md_full11,"(8, 8)",tanh,0.5,37.026001728376045
r18,md_full11,"(8, 8)",tanh,1.0,38.767450113602095
r18,md_full11,"(8, 8)",tanh,2.0,34.878581190137425
r18,md_full11,"(8, 8)",tanh,3.0,32.30472242641914
r18,md_full11,"(8, 8)",tanh,5.0,29.36000736035148
r18,md_full11,"(8, 8)",tanh,10.0,30.061904149095824
r18,md_full11,"(16, 16)",tanh,0.5,39.80844530424992
r18,md_full11,"(16, 16)",tanh,1.0,37.4070702127145
r18,md_full11,"(16, 16)",tanh,2.0,35.889899766699216
r18,md_full11,"(16, 16)",tanh,3.0,30.63728835206768
r18,md_full11,"(16, 16)",tanh,5.0,29.337168448485222
r18,md_full11,"(16, 16)",tanh,10.0,29.71278189278824
r18,md_full11,"(8, 4, 2)",tanh,0.5,33.62211635943238
r18,md_full11,"(8, 4, 2)",tanh,1.0,33.10067965573377
r18,md_full11,"(8, 4, 2)",tanh,2.0,30.30800135152641
r18,md_full11,"(8, 4, 2)",tanh,3.0,29.496856110097557
r18,md_full11,"(8, 4, 2)",tanh,5.0,27.714083340752172
r18,md_full11,"(8, 4, 2)",tanh,10.0,31.93261507023599
r18,md_full11,"(12, 6, 3)",tanh,0.5,33.963253193938336
r18,md_full11,"(12, 6, 3)",tanh,1.0,30.35471037536652
r18,md_full11,"(12, 6, 3)",tanh,2.0,31.89532915944212
r18,md_full11,"(12, 6, 3)",tanh,3.0,31.648990273768103
r18,md_full11,"(12, 6, 3)",tanh,5.0,27.979718970139903
r18,md_full11,"(12, 6, 3)",tanh,10.0,29.569688531459093
r18,md_full11,"(16, 8, 4)",tanh,0.5,34.42854804401425
r18,md_full11,"(16, 8, 4)",tanh,1.0,35.636325022834754
r18,md_full11,"(16, 8, 4)",tanh,2.0,31.80013947556744
r18,md_full11,"(16, 8, 4)",tanh,3.0,31.48094802835332
r18,md_full11,"(16, 8, 4)",tanh,5.0,27.586161881592613
r18,md_full11,"(16, 8, 4)",tanh,10.0,31.05865335977116
r18,md_full11,"(24, 12, 6)",tanh,0.5,37.65803889656981
r18,md_full11,"(24, 12, 6)",tanh,1.0,35.423409599485446
r18,md_full11,"(24, 12, 6)",tanh,2.0,34.39619443117736
r18,md_full11,"(24, 12, 6)",tanh,3.0,30.395419867815168
r18,md_full11,"(24, 12, 6)",tanh,5.0,29.506497849424647
r18,md_full11,"(24, 12, 6)",tanh,10.0,28.979653385158752
r19,md_zeta9,"(8,)",tanh,0.5,36.25301045866975
r19,md_zeta9,"(8,)",tanh,1.0,32.1552734870048
r19,md_zeta9,"(8,)",tanh,2.0,28.96216837094412
r19,md_zeta9,"(8,)",tanh,3.0,27.475015667875983
r19,md_zeta9,"(8,)",tanh,5.0,29.26164357526632
r19,md_zeta9,"(8,)",tanh,10.0,34.03914807624771
r19,md_zeta9,"(12,)",tanh,0.5,33.52164838248722
r19,md_zeta9,"(12,)",tanh,1.0,30.974056611064384
r19,md_zeta9,"(12,)",tanh,2.0,27.89622926589216
r19,md_zeta9,"(12,)",tanh,3.0,27.934908580415943
r19,md_zeta9,"(12,)",tanh,5.0,29.385917215383465
r19,md_zeta9,"(12,)",tanh,10.0,34.09703540228401
r19,md_zeta9,"(4, 2)",tanh,0.5,33.39003369104488
r19,md_zeta9,"(4, 2)",tanh,1.0,30.107222998150945
r19,md_zeta9,"(4, 2)",tanh,2.0,26.651115996964236
r19,md_zeta9,"(4, 2)",tanh,3.0,26.981804157993302
r19,md_zeta9,"(4, 2)",tanh,5.0,26.703819398159425
r19,md_zeta9,"(4, 2)",tanh,10.0,33.02762493552103
r19,md_zeta9,"(6, 3)",tanh,0.5,31.327604585197317
r19,md_zeta9,"(6, 3)",tanh,1.0,26.11201316206255
r19,md_zeta9,"(6, 3)",tanh,2.0,26.821158259185733
r19,md_zeta9,"(6, 3)",tanh,3.0,24.87235886227318
r19,md_zeta9,"(6, 3)",tanh,5.0,26.168932832155104
r19,md_zeta9,"(6, 3)",tanh,10.0,31.63275880901637
r19,md_zeta9,"(8, 4)",tanh,0.5,26.68548911039948
r19,md_zeta9,"(8, 4)",tanh,1.0,25.508492017534994
r19,md_zeta9,"(8, 4)",tanh,2.0,25.38914796961081
r19,md_zeta9,"(8, 4)",tanh,3.0,25.439471982847216
r19,md_zeta9,"(8, 4)",tanh,5.0,26.00144499204848
r19,md_zeta9,"(8, 4)",tanh,10.0,32.25850480292121
r19,md_zeta9,"(10, 5)",tanh,0.5,26.740950380725973
r19,md_zeta9,"(10, 5)",tanh,1.0,27.893909345446836
r19,md_zeta9,"(10, 5)",tanh,2.0,25.70632815848304
r19,md_zeta9,"(10, 5)",tanh,3.0,25.00660946637465
r19,md_zeta9,"(10, 5)",tanh,5.0,26.256035151094117
r19,md_zeta9,"(10, 5)",tanh,10.0,31.28750325673394
r19,md_zeta9,"(12, 6)",tanh,0.5,29.20329279008942
r19,md_zeta9,"(12, 6)",tanh,1.0,28.49017165753033
r19,md_zeta9,"(12, 6)",tanh,2.0,26.426269471334138
r19,md_zeta9,"(12, 6)",tanh,3.0,26.118514173383527
r19,md_zeta9,"(12, 6)",tanh,5.0,26.2952132256286
r19,md_zeta9,"(12, 6)",tanh,10.0,31.21817784072245
r19,md_zeta9,"(16, 8)",tanh,0.5,32.368848825214904
r19,md_zeta9,"(16, 8)",tanh,1.0,28.933233722416823
r19,md_zeta9,"(16, 8)",tanh,2.0,26.439483947943494
r19,md_zeta9,"(16, 8)",tanh,3.0,26.540317447230063
r19,md_zeta9,"(16, 8)",tanh,5.0,26.309661287585183
r19,md_zeta9,"(16, 8)",tanh,10.0,30.41033973410677
r19,md_zeta9,"(20, 10)",tanh,0.5,31.924899228842143
r19,md_zeta9,"(20, 10)",tanh,1.0,30.524728460625408
r19,md_zeta9,"(20, 10)",tanh,2.0,26.628072965024217
r19,md_zeta9,"(20, 10)",tanh,3.0,26.790204605051592
r19,md_zeta9,"(20, 10)",tanh,5.0,27.077971319160717
r19,md_zeta9,"(20, 10)",tanh,10.0,30.413978989930516
r19,md_zeta9,"(24, 12)",tanh,0.5,31.380852374255436
r19,md_zeta9,"(24, 12)",tanh,1.0,28.082720466890382
r19,md_zeta9,"(24, 12)",tanh,2.0,28.768003757828872
r19,md_zeta9,"(24, 12)",tanh,3.0,26.80384812225733
r19,md_zeta9,"(24, 12)",tanh,5.0,26.402822950496905
r19,md_zeta9,"(24, 12)",tanh,10.0,31.514335445128197
r19,md_zeta9,"(8, 8)",tanh,0.5,27.46647904484332
r19,md_zeta9,"(8, 8)",tanh,1.0,30.02928998391431
r19,md_zeta9,"(8, 8)",tanh,2.0,26.797980933912605
r19,md_zeta9,"(8, 8)",tanh,3.0,26.41561668188905
r19,md_zeta9,"(8, 8)",tanh,5.0,26.449479826383417
r19,md_zeta9,"(8, 8)",tanh,10.0,30.26682029706912
r19,md_zeta9,"(16, 16)",tanh,0.5,30.663775488759843
r19,md_zeta9,"(16, 16)",tanh,1.0,28.22504659132712
r19,md_zeta9,"(16, 16)",tanh,2.0,26.76791708042689
r19,md_zeta9,"(16, 16)",tanh,3.0,26.247263175994267
r19,md_zeta9,"(16, 16)",tanh,5.0,26.398113239161034
r19,md_zeta9,"(16, 16)",tanh,10.0,30.44824828653901
r19,md_zeta9,"(8, 4, 2)",tanh,0.5,38.37077859707097
r19,md_zeta9,"(8, 4, 2)",tanh,1.0,30.987132802071063
r19,md_zeta9,"(8, 4, 2)",tanh,2.0,27.67919518020316
r19,md_zeta9,"(8, 4, 2)",tanh,3.0,26.45379347549358
r19,md_zeta9,"(8, 4, 2)",tanh,5.0,25.280146751809056
r19,md_zeta9,"(8, 4, 2)",tanh,10.0,31.07197695273128
r19,md_zeta9,"(12, 6, 3)",tanh,0.5,27.900133744680648
r19,md_zeta9,"(12, 6, 3)",tanh,1.0,29.76182815598035
r19,md_zeta9,"(12, 6, 3)",tanh,2.0,26.12273070728154
r19,md_zeta9,"(12, 6, 3)",tanh,3.0,24.36726903633449
r19,md_zeta9,"(12, 6, 3)",tanh,5.0,25.006220974657232
r19,md_zeta9,"(12, 6, 3)",tanh,10.0,29.30529823429997
r19,md_zeta9,"(16, 8, 4)",tanh,0.5,31.93644947656505
r19,md_zeta9,"(16, 8, 4)",tanh,1.0,28.886891949680702
r19,md_zeta9,"(16, 8, 4)",tanh,2.0,27.062065006404385
r19,md_zeta9,"(16, 8, 4)",tanh,3.0,25.168763006743276
r19,md_zeta9,"(16, 8, 4)",tanh,5.0,25.073812443747023
r19,md_zeta9,"(16, 8, 4)",tanh,10.0,29.99111144100917
r19,md_zeta9,"(24, 12, 6)",tanh,0.5,32.510181241583886
r19,md_zeta9,"(24, 12, 6)",tanh,1.0,30.19836252654103
r19,md_zeta9,"(24, 12, 6)",tanh,2.0,25.552358023785608
r19,md_zeta9,"(24, 12, 6)",tanh,3.0,26.29028370499381
r19,md_zeta9,"(24, 12, 6)",tanh,5.0,25.395418445179622
r19,md_zeta9,"(24, 12, 6)",tanh,10.0,30.03762796658617
r19,md_beta9,"(8,)",tanh,0.5,63.13401124937618
r19,md_beta9,"(8,)",tanh,1.0,52.6116769179092
r19,md_beta9,"(8,)",tanh,2.0,45.13271869713989
r19,md_beta9,"(8,)",tanh,3.0,44.498448557982975
r19,md_beta9,"(8,)",tanh,5.0,38.7824853350057
r19,md_beta9,"(8,)",tanh,10.0,39.75332448905143
r19,md_beta9,"(12,)",tanh,0.5,50.69201581955993
r19,md_beta9,"(12,)",tanh,1.0,47.97479097004662
r19,md_beta9,"(12,)",tanh,2.0,42.53355282118967
r19,md_beta9,"(12,)",tanh,3.0,42.44811548709141
r19,md_beta9,"(12,)",tanh,5.0,40.003066354908974
r19,md_beta9,"(12,)",tanh,10.0,39.75466889870207
r19,md_beta9,"(4, 2)",tanh,0.5,41.788978309830846
r19,md_beta9,"(4, 2)",tanh,1.0,45.88514685985093
r19,md_beta9,"(4, 2)",tanh,2.0,37.45743883440021
r19,md_beta9,"(4, 2)",tanh,3.0,38.4051017403832
r19,md_beta9,"(4, 2)",tanh,5.0,39.39269618003018
r19,md_beta9,"(4, 2)",tanh,10.0,39.10924669505806
r19,md_beta9,"(6, 3)",tanh,0.5,51.93204137974429
r19,md_beta9,"(6, 3)",tanh,1.0,49.81070688875212
r19,md_beta9,"(6, 3)",tanh,2.0,43.11740969257882
r19,md_beta9,"(6, 3)",tanh,3.0,41.8155712894208
r19,md_beta9,"(6, 3)",tanh,5.0,39.215247268215485
r19,md_beta9,"(6, 3)",tanh,10.0,37.92832918839928
r19,md_beta9,"(8, 4)",tanh,0.5,68.6990611667327
r19,md_beta9,"(8, 4)",tanh,1.0,58.85809604050933
r19,md_beta9,"(8, 4)",tanh,2.0,51.5205225567589
r19,md_beta9,"(8, 4)",tanh,3.0,47.30535445538753
r19,md_beta9,"(8, 4)",tanh,5.0,40.109821735769465
r19,md_beta9,"(8, 4)",tanh,10.0,37.49554593946142
r19,md_beta9,"(10, 5)",tanh,0.5,61.29262588689829
r19,md_beta9,"(10, 5)",tanh,1.0,57.87022453624765
r19,md_beta9,"(10, 5)",tanh,2.0,50.60926301823798
r19,md_beta9,"(10, 5)",tanh,3.0,44.87308457764719
r19,md_beta9,"(10, 5)",tanh,5.0,40.35354396531936
r19,md_beta9,"(10, 5)",tanh,10.0,38.07081413379659
r19,md_beta9,"(12, 6)",tanh,0.5,60.441480657839385
r19,md_beta9,"(12, 6)",tanh,1.0,58.16109496439104
r19,md_beta9,"(12, 6)",tanh,2.0,51.13642603953424
r19,md_beta9,"(12, 6)",tanh,3.0,46.20460512805352
r19,md_beta9,"(12, 6)",tanh,5.0,37.87906942325885
r19,md_beta9,"(12, 6)",tanh,10.0,37.41024334582959
r19,md_beta9,"(16, 8)",tanh,0.5,58.90702952015327
r19,md_beta9,"(16, 8)",tanh,1.0,60.63439432703533
r19,md_beta9,"(16, 8)",tanh,2.0,55.382918174181626
r19,md_beta9,"(16, 8)",tanh,3.0,51.70886811463281
r19,md_beta9,"(16, 8)",tanh,5.0,43.79077055756393
r19,md_beta9,"(16, 8)",tanh,10.0,37.51735896013022
r19,md_beta9,"(20, 10)",tanh,0.5,62.44945848393096
r19,md_beta9,"(20, 10)",tanh,1.0,56.4380632603921
r19,md_beta9,"(20, 10)",tanh,2.0,50.46754091488656
r19,md_beta9,"(20, 10)",tanh,3.0,46.759978712601175
r19,md_beta9,"(20, 10)",tanh,5.0,45.69477543858527
r19,md_beta9,"(20, 10)",tanh,10.0,38.01430986391054
r19,md_beta9,"(24, 12)",tanh,0.5,63.75102141811882
r19,md_beta9,"(24, 12)",tanh,1.0,62.88661413537928
r19,md_beta9,"(24, 12)",tanh,2.0,53.67846469733642
r19,md_beta9,"(24, 12)",tanh,3.0,50.029075364830014
r19,md_beta9,"(24, 12)",tanh,5.0,41.03773933233518
r19,md_beta9,"(24, 12)",tanh,10.0,38.51082235720328
r19,md_beta9,"(8, 8)",tanh,0.5,71.16278398359822
r19,md_beta9,"(8, 8)",tanh,1.0,66.98253023969059
r19,md_beta9,"(8, 8)",tanh,2.0,57.56866757128843
r19,md_beta9,"(8, 8)",tanh,3.0,46.71146592280587
r19,md_beta9,"(8, 8)",tanh,5.0,41.20056798153974
r19,md_beta9,"(8, 8)",tanh,10.0,38.26794306457154
r19,md_beta9,"(16, 16)",tanh,0.5,72.26969778410928
r19,md_beta9,"(16, 16)",tanh,1.0,64.35050317935922
r19,md_beta9,"(16, 16)",tanh,2.0,51.49367366295739
r19,md_beta9,"(16, 16)",tanh,3.0,49.56215540567014
r19,md_beta9,"(16, 16)",tanh,5.0,47.33091683809008
r19,md_beta9,"(16, 16)",tanh,10.0,37.83387320465037
r19,md_beta9,"(8, 4, 2)",tanh,0.5,61.95012295374588
r19,md_beta9,"(8, 4, 2)",tanh,1.0,59.89156787749143
r19,md_beta9,"(8, 4, 2)",tanh,2.0,47.73842156977552
r19,md_beta9,"(8, 4, 2)",tanh,3.0,44.61474175736004
r19,md_beta9,"(8, 4, 2)",tanh,5.0,39.046431616272415
r19,md_beta9,"(8, 4, 2)",tanh,10.0,38.27120063812053
r19,md_beta9,"(12, 6, 3)",tanh,0.5,62.80011690186795
r19,md_beta9,"(12, 6, 3)",tanh,1.0,54.99439098059903
r19,md_beta9,"(12, 6, 3)",tanh,2.0,50.154748547504575
r19,md_beta9,"(12, 6, 3)",tanh,3.0,48.4535442801148
r19,md_beta9,"(12, 6, 3)",tanh,5.0,40.01076302898552
r19,md_beta9,"(12, 6, 3)",tanh,10.0,39.90612247622962
r19,md_beta9,"(16, 8, 4)",tanh,0.5,63.18757192635886
r19,md_beta9,"(16, 8, 4)",tanh,1.0,58.87964159497435
r19,md_beta9,"(16, 8, 4)",tanh,2.0,55.76954433575412
r19,md_beta9,"(16, 8, 4)",tanh,3.0,49.44342355623736
r19,md_beta9,"(16, 8, 4)",tanh,5.0,41.24241334233773
r19,md_beta9,"(16, 8, 4)",tanh,10.0,38.167755529292826
r19,md_beta9,"(24, 12, 6)",tanh,0.5,65.4378724450444
r19,md_beta9,"(24, 12, 6)",tanh,1.0,63.95438434532489
r19,md_beta9,"(24, 12, 6)",tanh,2.0,58.11320630924068
r19,md_beta9,"(24, 12, 6)",tanh,3.0,47.57587101791308
r19,md_beta9,"(24, 12, 6)",tanh,5.0,42.86866348269585
r19,md_beta9,"(24, 12, 6)",tanh,10.0,39.50030293396428
r19,md_full11,"(8,)",tanh,0.5,37.68697530206968
r19,md_full11,"(8,)",tanh,1.0,32.045011053345746
r19,md_full11,"(8,)",tanh,2.0,29.060066949650565
r19,md_full11,"(8,)",tanh,3.0,28.103105171548407
r19,md_full11,"(8,)",tanh,5.0,28.17771421534381
r19,md_full11,"(8,)",tanh,10.0,31.8751945232318
r19,md_full11,"(12,)",tanh,0.5,35.16821426732006
r19,md_full11,"(12,)",tanh,1.0,31.56959450829047
r19,md_full11,"(12,)",tanh,2.0,28.631894287935616
r19,md_full11,"(12,)",tanh,3.0,27.725606047723023
r19,md_full11,"(12,)",tanh,5.0,28.46525949393048
r19,md_full11,"(12,)",tanh,10.0,32.03528741438531
r19,md_full11,"(4, 2)",tanh,0.5,29.138522523149557
r19,md_full11,"(4, 2)",tanh,1.0,35.748223181070514
r19,md_full11,"(4, 2)",tanh,2.0,25.486144707332222
r19,md_full11,"(4, 2)",tanh,3.0,28.865835567757703
r19,md_full11,"(4, 2)",tanh,5.0,26.1226264472206
r19,md_full11,"(4, 2)",tanh,10.0,31.997442765036777
r19,md_full11,"(6, 3)",tanh,0.5,39.25557967918671
r19,md_full11,"(6, 3)",tanh,1.0,29.61057031164001
r19,md_full11,"(6, 3)",tanh,2.0,30.00332800410422
r19,md_full11,"(6, 3)",tanh,3.0,27.310644769972026
r19,md_full11,"(6, 3)",tanh,5.0,27.54041082108955
r19,md_full11,"(6, 3)",tanh,10.0,29.418747796414117
r19,md_full11,"(8, 4)",tanh,0.5,31.24450989708411
r19,md_full11,"(8, 4)",tanh,1.0,32.719254652953424
r19,md_full11,"(8, 4)",tanh,2.0,28.03653224333499
r19,md_full11,"(8, 4)",tanh,3.0,26.32829696998663
r19,md_full11,"(8, 4)",tanh,5.0,26.43443247900972
r19,md_full11,"(8, 4)",tanh,10.0,29.25611562792688
r19,md_full11,"(10, 5)",tanh,0.5,33.46904320139959
r19,md_full11,"(10, 5)",tanh,1.0,32.8892023849236
r19,md_full11,"(10, 5)",tanh,2.0,28.395169280508963
r19,md_full11,"(10, 5)",tanh,3.0,28.131994599827777
r19,md_full11,"(10, 5)",tanh,5.0,27.630297676542103
r19,md_full11,"(10, 5)",tanh,10.0,29.18437921544621
r19,md_full11,"(12, 6)",tanh,0.5,36.45691730330287
r19,md_full11,"(12, 6)",tanh,1.0,32.57302090665754
r19,md_full11,"(12, 6)",tanh,2.0,28.95718773849036
r19,md_full11,"(12, 6)",tanh,3.0,28.145882328863458
r19,md_full11,"(12, 6)",tanh,5.0,27.495897617955706
r19,md_full11,"(12, 6)",tanh,10.0,29.17801932891345
r19,md_full11,"(16, 8)",tanh,0.5,35.59564147824891
r19,md_full11,"(16, 8)",tanh,1.0,32.769022397322914
r19,md_full11,"(16, 8)",tanh,2.0,29.97795868474209
r19,md_full11,"(16, 8)",tanh,3.0,29.072633032304545
r19,md_full11,"(16, 8)",tanh,5.0,28.505536468117487
r19,md_full11,"(16, 8)",tanh,10.0,29.242214320432264
r19,md_full11,"(20, 10)",tanh,0.5,36.701325338735145
r19,md_full11,"(20, 10)",tanh,1.0,31.758775801107525
r19,md_full11,"(20, 10)",tanh,2.0,29.42938170682661
r19,md_full11,"(20, 10)",tanh,3.0,27.661557353761857
r19,md_full11,"(20, 10)",tanh,5.0,26.994542224817685
r19,md_full11,"(20, 10)",tanh,10.0,29.23001881887816
r19,md_full11,"(24, 12)",tanh,0.5,35.67996771010202
r19,md_full11,"(24, 12)",tanh,1.0,34.542659300617785
r19,md_full11,"(24, 12)",tanh,2.0,29.017291426977103
r19,md_full11,"(24, 12)",tanh,3.0,28.971955192334445
r19,md_full11,"(24, 12)",tanh,5.0,26.796197698658112
r19,md_full11,"(24, 12)",tanh,10.0,29.243508776266008
r19,md_full11,"(8, 8)",tanh,0.5,39.555889042622525
r19,md_full11,"(8, 8)",tanh,1.0,30.174124144231705
r19,md_full11,"(8, 8)",tanh,2.0,29.345331545536787
r19,md_full11,"(8, 8)",tanh,3.0,29.409272738847267
r19,md_full11,"(8, 8)",tanh,5.0,28.565637647623447
r19,md_full11,"(8, 8)",tanh,10.0,29.18793078469468
r19,md_full11,"(16, 16)",tanh,0.5,36.93665596334019
r19,md_full11,"(16, 16)",tanh,1.0,33.58142495011889
r19,md_full11,"(16, 16)",tanh,2.0,31.62236502291845
r19,md_full11,"(16, 16)",tanh,3.0,29.642697155577128
r19,md_full11,"(16, 16)",tanh,5.0,29.19372979728105
r19,md_full11,"(16, 16)",tanh,10.0,29.29686004503829
r19,md_full11,"(8, 4, 2)",tanh,0.5,34.74815307379068
r19,md_full11,"(8, 4, 2)",tanh,1.0,34.50930216469078
r19,md_full11,"(8, 4, 2)",tanh,2.0,27.72440098179864
r19,md_full11,"(8, 4, 2)",tanh,3.0,24.694737989426077
r19,md_full11,"(8, 4, 2)",tanh,5.0,24.934152754122174
r19,md_full11,"(8, 4, 2)",tanh,10.0,30.426865058180702
r19,md_full11,"(12, 6, 3)",tanh,0.5,34.50992236095205
r19,md_full11,"(12, 6, 3)",tanh,1.0,32.46962740777617
r19,md_full11,"(12, 6, 3)",tanh,2.0,29.73654258310138
r19,md_full11,"(12, 6, 3)",tanh,3.0,27.536925284703223
r19,md_full11,"(12, 6, 3)",tanh,5.0,24.90153138002814
r19,md_full11,"(12, 6, 3)",tanh,10.0,28.39035978430166
r19,md_full11,"(16, 8, 4)",tanh,0.5,34.67611029345095
r19,md_full11,"(16, 8, 4)",tanh,1.0,31.53887039288682
r19,md_full11,"(16, 8, 4)",tanh,2.0,30.973448921151714
r19,md_full11,"(16, 8, 4)",tanh,3.0,26.02603598548808
r19,md_full11,"(16, 8, 4)",tanh,5.0,24.922635317261648
r19,md_full11,"(16, 8, 4)",tanh,10.0,27.416681630028823
r19,md_full11,"(24, 12, 6)",tanh,0.5,38.28594253565932
r19,md_full11,"(24, 12, 6)",tanh,1.0,33.55845478597162
r19,md_full11,"(24, 12, 6)",tanh,2.0,31.72613594554763
r19,md_full11,"(24, 12, 6)",tanh,3.0,26.94802531600036
r19,md_full11,"(24, 12, 6)",tanh,5.0,25.51459582304061
r19,md_full11,"(24, 12, 6)",tanh,10.0,27.82402898230741
r2,md_zeta9,"(8,)",tanh,0.5,32.42808521230139
r2,md_zeta9,"(8,)",tanh,1.0,27.035893191525872
r2,md_zeta9,"(8,)",tanh,2.0,29.70598168483382
r2,md_zeta9,"(8,)",tanh,3.0,32.72584735340871
r2,md_zeta9,"(8,)",tanh,5.0,36.05729023474992
r2,md_zeta9,"(8,)",tanh,10.0,40.500130925327085
r2,md_zeta9,"(12,)",tanh,0.5,31.47171210952624
r2,md_zeta9,"(12,)",tanh,1.0,28.334671144385226
r2,md_zeta9,"(12,)",tanh,2.0,29.90547815581011
r2,md_zeta9,"(12,)",tanh,3.0,31.79367579269469
r2,md_zeta9,"(12,)",tanh,5.0,35.808614366335874
r2,md_zeta9,"(12,)",tanh,10.0,40.48839520536948
r2,md_zeta9,"(4, 2)",tanh,0.5,35.22366659866703
r2,md_zeta9,"(4, 2)",tanh,1.0,30.80999373190287
r2,md_zeta9,"(4, 2)",tanh,2.0,31.779600373996693
r2,md_zeta9,"(4, 2)",tanh,3.0,32.212568038165486
r2,md_zeta9,"(4, 2)",tanh,5.0,32.325366854274584
r2,md_zeta9,"(4, 2)",tanh,10.0,39.41985592765066
r2,md_zeta9,"(6, 3)",tanh,0.5,29.109250437653447
r2,md_zeta9,"(6, 3)",tanh,1.0,27.115448381749257
r2,md_zeta9,"(6, 3)",tanh,2.0,26.549007594688327
r2,md_zeta9,"(6, 3)",tanh,3.0,29.05481592703319
r2,md_zeta9,"(6, 3)",tanh,5.0,33.325523860603305
r2,md_zeta9,"(6, 3)",tanh,10.0,39.47729633294943
r2,md_zeta9,"(8, 4)",tanh,0.5,33.34021159519243
r2,md_zeta9,"(8, 4)",tanh,1.0,26.30018201731277
r2,md_zeta9,"(8, 4)",tanh,2.0,26.466054169944776
r2,md_zeta9,"(8, 4)",tanh,3.0,26.90309157719373
r2,md_zeta9,"(8, 4)",tanh,5.0,31.954457970442785
r2,md_zeta9,"(8, 4)",tanh,10.0,39.02742047721173
r2,md_zeta9,"(10, 5)",tanh,0.5,33.19262464342636
r2,md_zeta9,"(10, 5)",tanh,1.0,30.24181901770832
r2,md_zeta9,"(10, 5)",tanh,2.0,27.107076066626007
r2,md_zeta9,"(10, 5)",tanh,3.0,27.21121731531733
r2,md_zeta9,"(10, 5)",tanh,5.0,32.01386961200412
r2,md_zeta9,"(10, 5)",tanh,10.0,38.57712720474129
r2,md_zeta9,"(12, 6)",tanh,0.5,31.451459110554616
r2,md_zeta9,"(12, 6)",tanh,1.0,28.011520136793774
r2,md_zeta9,"(12, 6)",tanh,2.0,27.90505300782745
r2,md_zeta9,"(12, 6)",tanh,3.0,29.80429383635417
r2,md_zeta9,"(12, 6)",tanh,5.0,31.83946327206356
r2,md_zeta9,"(12, 6)",tanh,10.0,38.59998437047583
r2,md_zeta9,"(16, 8)",tanh,0.5,28.81896871358912
r2,md_zeta9,"(16, 8)",tanh,1.0,28.48921063641411
r2,md_zeta9,"(16, 8)",tanh,2.0,29.322249707692343
r2,md_zeta9,"(16, 8)",tanh,3.0,28.360248357445137
r2,md_zeta9,"(16, 8)",tanh,5.0,31.878106085281058
r2,md_zeta9,"(16, 8)",tanh,10.0,38.554157260520185
r2,md_zeta9,"(20, 10)",tanh,0.5,32.09646040034942
r2,md_zeta9,"(20, 10)",tanh,1.0,29.127811867739823
r2,md_zeta9,"(20, 10)",tanh,2.0,27.59942749973852
r2,md_zeta9,"(20, 10)",tanh,3.0,27.258129985106496
r2,md_zeta9,"(20, 10)",tanh,5.0,31.747513260688542
r2,md_zeta9,"(20, 10)",tanh,10.0,38.43645475387163
r2,md_zeta9,"(24, 12)",tanh,0.5,31.929263497048368
r2,md_zeta9,"(24, 12)",tanh,1.0,26.787182696032783
r2,md_zeta9,"(24, 12)",tanh,2.0,29.147483043179825
r2,md_zeta9,"(24, 12)",tanh,3.0,28.55795146427312
r2,md_zeta9,"(24, 12)",tanh,5.0,31.771044102052905
r2,md_zeta9,"(24, 12)",tanh,10.0,38.42649362825331
r2,md_zeta9,"(8, 8)",tanh,0.5,33.93515821658407
r2,md_zeta9,"(8, 8)",tanh,1.0,31.375202919356333
r2,md_zeta9,"(8, 8)",tanh,2.0,28.864790253414007
r2,md_zeta9,"(8, 8)",tanh,3.0,29.12629992936549
r2,md_zeta9,"(8, 8)",tanh,5.0,31.816261306311677
r2,md_zeta9,"(8, 8)",tanh,10.0,38.39695231905337
r2,md_zeta9,"(16, 16)",tanh,0.5,30.00308677546274
r2,md_zeta9,"(16, 16)",tanh,1.0,29.457227095751524
r2,md_zeta9,"(16, 16)",tanh,2.0,28.318787699951905
r2,md_zeta9,"(16, 16)",tanh,3.0,28.60455778770696
r2,md_zeta9,"(16, 16)",tanh,5.0,32.45072881883266
r2,md_zeta9,"(16, 16)",tanh,10.0,38.424412927606014
r2,md_zeta9,"(8, 4, 2)",tanh,0.5,34.584281515345545
r2,md_zeta9,"(8, 4, 2)",tanh,1.0,27.63301821341431
r2,md_zeta9,"(8, 4, 2)",tanh,2.0,28.26839244617978
r2,md_zeta9,"(8, 4, 2)",tanh,3.0,29.52886697995307
r2,md_zeta9,"(8, 4, 2)",tanh,5.0,31.25330359371065
r2,md_zeta9,"(8, 4, 2)",tanh,10.0,37.4374420474006
r2,md_zeta9,"(12, 6, 3)",tanh,0.5,29.722558005735728
r2,md_zeta9,"(12, 6, 3)",tanh,1.0,26.892921555627783
r2,md_zeta9,"(12, 6, 3)",tanh,2.0,28.38119843447744
r2,md_zeta9,"(12, 6, 3)",tanh,3.0,28.36340153346739
r2,md_zeta9,"(12, 6, 3)",tanh,5.0,30.70550545816165
r2,md_zeta9,"(12, 6, 3)",tanh,10.0,37.66060595187096
r2,md_zeta9,"(16, 8, 4)",tanh,0.5,28.64723948046963
r2,md_zeta9,"(16, 8, 4)",tanh,1.0,28.41774756592979
r2,md_zeta9,"(16, 8, 4)",tanh,2.0,27.41735727687243
r2,md_zeta9,"(16, 8, 4)",tanh,3.0,29.155809910991813
r2,md_zeta9,"(16, 8, 4)",tanh,5.0,30.57282008364582
r2,md_zeta9,"(16, 8, 4)",tanh,10.0,36.92353884542313
r2,md_zeta9,"(24, 12, 6)",tanh,0.5,34.561885345920714
r2,md_zeta9,"(24, 12, 6)",tanh,1.0,26.371392605715634
r2,md_zeta9,"(24, 12, 6)",tanh,2.0,30.4947740741247
r2,md_zeta9,"(24, 12, 6)",tanh,3.0,27.25657134198152
r2,md_zeta9,"(24, 12, 6)",tanh,5.0,30.68846012628609
r2,md_zeta9,"(24, 12, 6)",tanh,10.0,37.06371143411069
r2,md_beta9,"(8,)",tanh,0.5,52.69598758743067
r2,md_beta9,"(8,)",tanh,1.0,42.61590077699817
r2,md_beta9,"(8,)",tanh,2.0,39.725767617434016
r2,md_beta9,"(8,)",tanh,3.0,38.20767818167241
r2,md_beta9,"(8,)",tanh,5.0,37.50202764702394
r2,md_beta9,"(8,)",tanh,10.0,40.05770675747732
r2,md_beta9,"(12,)",tanh,0.5,48.759451053454384
r2,md_beta9,"(12,)",tanh,1.0,41.76548219270358
r2,md_beta9,"(12,)",tanh,2.0,37.85770206742998
r2,md_beta9,"(12,)",tanh,3.0,36.37669788111255
r2,md_beta9,"(12,)",tanh,5.0,37.34420774015023
r2,md_beta9,"(12,)",tanh,10.0,40.24259660246666
r2,md_beta9,"(4, 2)",tanh,0.5,45.86910716828206
r2,md_beta9,"(4, 2)",tanh,1.0,42.61940969583626
r2,md_beta9,"(4, 2)",tanh,2.0,42.35446244745848
r2,md_beta9,"(4, 2)",tanh,3.0,37.91795056328341
r2,md_beta9,"(4, 2)",tanh,5.0,38.760536242489096
r2,md_beta9,"(4, 2)",tanh,10.0,39.950503716742645
r2,md_beta9,"(6, 3)",tanh,0.5,40.52054015939798
r2,md_beta9,"(6, 3)",tanh,1.0,36.85048428685271
r2,md_beta9,"(6, 3)",tanh,2.0,39.45649022297274
r2,md_beta9,"(6, 3)",tanh,3.0,35.68606052830589
r2,md_beta9,"(6, 3)",tanh,5.0,35.97016702152855
r2,md_beta9,"(6, 3)",tanh,10.0,40.1790604762625
r2,md_beta9,"(8, 4)",tanh,0.5,36.31614786815553
r2,md_beta9,"(8, 4)",tanh,1.0,42.57118790636633
r2,md_beta9,"(8, 4)",tanh,2.0,35.37261121570189
r2,md_beta9,"(8, 4)",tanh,3.0,39.02388680643143
r2,md_beta9,"(8, 4)",tanh,5.0,36.88978352158782
r2,md_beta9,"(8, 4)",tanh,10.0,40.69833220545049
r2,md_beta9,"(10, 5)",tanh,0.5,53.31752211306965
r2,md_beta9,"(10, 5)",tanh,1.0,44.955381628723565
r2,md_beta9,"(10, 5)",tanh,2.0,37.85058238557544
r2,md_beta9,"(10, 5)",tanh,3.0,36.87679550825584
r2,md_beta9,"(10, 5)",tanh,5.0,36.266607343367085
r2,md_beta9,"(10, 5)",tanh,10.0,40.16496959089859
r2,md_beta9,"(12, 6)",tanh,0.5,46.59527356502031
r2,md_beta9,"(12, 6)",tanh,1.0,46.28516062782067
r2,md_beta9,"(12, 6)",tanh,2.0,43.21960528103489
r2,md_beta9,"(12, 6)",tanh,3.0,39.20728859375148
r2,md_beta9,"(12, 6)",tanh,5.0,35.85806744538794
r2,md_beta9,"(12, 6)",tanh,10.0,38.70235940024242
r2,md_beta9,"(16, 8)",tanh,0.5,48.35702742084471
r2,md_beta9,"(16, 8)",tanh,1.0,45.42024717826689
r2,md_beta9,"(16, 8)",tanh,2.0,45.86734162510776
r2,md_beta9,"(16, 8)",tanh,3.0,37.2231764044638
r2,md_beta9,"(16, 8)",tanh,5.0,36.28728637727795
r2,md_beta9,"(16, 8)",tanh,10.0,38.56171136921583
r2,md_beta9,"(20, 10)",tanh,0.5,48.195412687363365
r2,md_beta9,"(20, 10)",tanh,1.0,43.6449292174613
r2,md_beta9,"(20, 10)",tanh,2.0,43.97049208384489
r2,md_beta9,"(20, 10)",tanh,3.0,39.713554673415786
r2,md_beta9,"(20, 10)",tanh,5.0,34.73766326084202
r2,md_beta9,"(20, 10)",tanh,10.0,38.28679866333238
r2,md_beta9,"(24, 12)",tanh,0.5,47.87306449096779
r2,md_beta9,"(24, 12)",tanh,1.0,46.4246333465941
r2,md_beta9,"(24, 12)",tanh,2.0,43.43352720876262
r2,md_beta9,"(24, 12)",tanh,3.0,37.81482600906209
r2,md_beta9,"(24, 12)",tanh,5.0,37.0633207057235
r2,md_beta9,"(24, 12)",tanh,10.0,38.58900021874457
r2,md_beta9,"(8, 8)",tanh,0.5,52.86934339784696
r2,md_beta9,"(8, 8)",tanh,1.0,46.55868865499964
r2,md_beta9,"(8, 8)",tanh,2.0,44.35489730887127
r2,md_beta9,"(8, 8)",tanh,3.0,40.48559794731004
r2,md_beta9,"(8, 8)",tanh,5.0,36.846327793206285
r2,md_beta9,"(8, 8)",tanh,10.0,38.53252435900574
r2,md_beta9,"(16, 16)",tanh,0.5,48.33161686205892
r2,md_beta9,"(16, 16)",tanh,1.0,47.825931720018936
r2,md_beta9,"(16, 16)",tanh,2.0,44.42192489798506
r2,md_beta9,"(16, 16)",tanh,3.0,40.67276306714247
r2,md_beta9,"(16, 16)",tanh,5.0,37.70874407214962
r2,md_beta9,"(16, 16)",tanh,10.0,38.37715493639466
r2,md_beta9,"(8, 4, 2)",tanh,0.5,56.63472722993031
r2,md_beta9,"(8, 4, 2)",tanh,1.0,49.458027112177696
r2,md_beta9,"(8, 4, 2)",tanh,2.0,34.65722643186642
r2,md_beta9,"(8, 4, 2)",tanh,3.0,36.77555282457261
r2,md_beta9,"(8, 4, 2)",tanh,5.0,36.89305332401266
r2,md_beta9,"(8, 4, 2)",tanh,10.0,40.42183963891705
r2,md_beta9,"(12, 6, 3)",tanh,0.5,50.03143098651528
r2,md_beta9,"(12, 6, 3)",tanh,1.0,48.46621467652697
r2,md_beta9,"(12, 6, 3)",tanh,2.0,40.197121815942765
r2,md_beta9,"(12, 6, 3)",tanh,3.0,35.42013898104246
r2,md_beta9,"(12, 6, 3)",tanh,5.0,35.208756235920525
r2,md_beta9,"(12, 6, 3)",tanh,10.0,40.51822042993785
r2,md_beta9,"(16, 8, 4)",tanh,0.5,49.37908047044896
r2,md_beta9,"(16, 8, 4)",tanh,1.0,47.09926027850371
r2,md_beta9,"(16, 8, 4)",tanh,2.0,42.61798158314586
r2,md_beta9,"(16, 8, 4)",tanh,3.0,38.646408411028645
r2,md_beta9,"(16, 8, 4)",tanh,5.0,35.23940758090908
r2,md_beta9,"(16, 8, 4)",tanh,10.0,37.06983886265109
r2,md_beta9,"(24, 12, 6)",tanh,0.5,51.73480604088655
r2,md_beta9,"(24, 12, 6)",tanh,1.0,48.05678180643436
r2,md_beta9,"(24, 12, 6)",tanh,2.0,44.28546914656888
r2,md_beta9,"(24, 12, 6)",tanh,3.0,40.07122848894927
r2,md_beta9,"(24, 12, 6)",tanh,5.0,38.251064167481175
r2,md_beta9,"(24, 12, 6)",tanh,10.0,37.27117721953453
r2,md_full11,"(8,)",tanh,0.5,34.74425004052525
r2,md_full11,"(8,)",tanh,1.0,28.702474162617754
r2,md_full11,"(8,)",tanh,2.0,26.83105784768627
r2,md_full11,"(8,)",tanh,3.0,28.897767137786275
r2,md_full11,"(8,)",tanh,5.0,32.5304233249434
r2,md_full11,"(8,)",tanh,10.0,36.42548527329946
r2,md_full11,"(12,)",tanh,0.5,32.77030354383812
r2,md_full11,"(12,)",tanh,1.0,31.285800956235523
r2,md_full11,"(12,)",tanh,2.0,28.77877116572632
r2,md_full11,"(12,)",tanh,3.0,29.731439431520773
r2,md_full11,"(12,)",tanh,5.0,32.57634826983578
r2,md_full11,"(12,)",tanh,10.0,36.44396400633745
r2,md_full11,"(4, 2)",tanh,0.5,34.8872411179096
r2,md_full11,"(4, 2)",tanh,1.0,34.540472883310045
r2,md_full11,"(4, 2)",tanh,2.0,29.651668522567668
r2,md_full11,"(4, 2)",tanh,3.0,29.22960146973461
r2,md_full11,"(4, 2)",tanh,5.0,32.855989646608954
r2,md_full11,"(4, 2)",tanh,10.0,36.84074318239262
r2,md_full11,"(6, 3)",tanh,0.5,32.54255431660628
r2,md_full11,"(6, 3)",tanh,1.0,33.863967217676986
r2,md_full11,"(6, 3)",tanh,2.0,33.665256928514324
r2,md_full11,"(6, 3)",tanh,3.0,27.347747003704097
r2,md_full11,"(6, 3)",tanh,5.0,29.418076751319784
r2,md_full11,"(6, 3)",tanh,10.0,35.41086937641191
r2,md_full11,"(8, 4)",tanh,0.5,32.409584651827224
r2,md_full11,"(8, 4)",tanh,1.0,30.88980655060368
r2,md_full11,"(8, 4)",tanh,2.0,27.08131257810181
r2,md_full11,"(8, 4)",tanh,3.0,26.6134277858609
r2,md_full11,"(8, 4)",tanh,5.0,29.469516639496057
r2,md_full11,"(8, 4)",tanh,10.0,35.06108440618276
r2,md_full11,"(10, 5)",tanh,0.5,35.79067247739824
r2,md_full11,"(10, 5)",tanh,1.0,30.77991335782512
r2,md_full11,"(10, 5)",tanh,2.0,27.816160382385068
r2,md_full11,"(10, 5)",tanh,3.0,28.32741165443419
r2,md_full11,"(10, 5)",tanh,5.0,30.005902108875528
r2,md_full11,"(10, 5)",tanh,10.0,34.87945796596137
r2,md_full11,"(12, 6)",tanh,0.5,32.70808389239533
r2,md_full11,"(12, 6)",tanh,1.0,32.137588130398974
r2,md_full11,"(12, 6)",tanh,2.0,29.483324800080062
r2,md_full11,"(12, 6)",tanh,3.0,28.487075615433675
r2,md_full11,"(12, 6)",tanh,5.0,29.12219046509881
r2,md_full11,"(12, 6)",tanh,10.0,34.52230216694083
r2,md_full11,"(16, 8)",tanh,0.5,32.438465082576315
r2,md_full11,"(16, 8)",tanh,1.0,32.33179355484635
r2,md_full11,"(16, 8)",tanh,2.0,30.28026999341996
r2,md_full11,"(16, 8)",tanh,3.0,28.432568709161167
r2,md_full11,"(16, 8)",tanh,5.0,29.237513955938446
r2,md_full11,"(16, 8)",tanh,10.0,34.7095715726356
r2,md_full11,"(20, 10)",tanh,0.5,31.2422729472724
r2,md_full11,"(20, 10)",tanh,1.0,35.14107758672718
r2,md_full11,"(20, 10)",tanh,2.0,28.744789588501483
r2,md_full11,"(20, 10)",tanh,3.0,27.292073869818324
r2,md_full11,"(20, 10)",tanh,5.0,29.212919595721416
r2,md_full11,"(20, 10)",tanh,10.0,34.63257353295098
r2,md_full11,"(24, 12)",tanh,0.5,31.646825714915344
r2,md_full11,"(24, 12)",tanh,1.0,33.28153669437931
r2,md_full11,"(24, 12)",tanh,2.0,28.828527222617254
r2,md_full11,"(24, 12)",tanh,3.0,28.88065907856975
r2,md_full11,"(24, 12)",tanh,5.0,29.036879211442077
r2,md_full11,"(24, 12)",tanh,10.0,34.50000908975628
r2,md_full11,"(8, 8)",tanh,0.5,33.68258131114726
r2,md_full11,"(8, 8)",tanh,1.0,29.67615252273437
r2,md_full11,"(8, 8)",tanh,2.0,28.068942826303136
r2,md_full11,"(8, 8)",tanh,3.0,27.61474152225394
r2,md_full11,"(8, 8)",tanh,5.0,30.1374628973661
r2,md_full11,"(8, 8)",tanh,10.0,34.72822519114992
r2,md_full11,"(16, 16)",tanh,0.5,34.07365979328155
r2,md_full11,"(16, 16)",tanh,1.0,32.755746825377365
r2,md_full11,"(16, 16)",tanh,2.0,31.958687264881902
r2,md_full11,"(16, 16)",tanh,3.0,29.880478491298067
r2,md_full11,"(16, 16)",tanh,5.0,30.093522110719995
r2,md_full11,"(16, 16)",tanh,10.0,34.65594539332555
r2,md_full11,"(8, 4, 2)",tanh,0.5,39.87089175144946
r2,md_full11,"(8, 4, 2)",tanh,1.0,29.136713076972864
r2,md_full11,"(8, 4, 2)",tanh,2.0,31.94944023556013
r2,md_full11,"(8, 4, 2)",tanh,3.0,27.138954402681534
r2,md_full11,"(8, 4, 2)",tanh,5.0,31.565139766349297
r2,md_full11,"(8, 4, 2)",tanh,10.0,36.3189684468977
r2,md_full11,"(12, 6, 3)",tanh,0.5,29.69804084924025
r2,md_full11,"(12, 6, 3)",tanh,1.0,31.70329362073573
r2,md_full11,"(12, 6, 3)",tanh,2.0,29.69530331555476
r2,md_full11,"(12, 6, 3)",tanh,3.0,29.76664891571395
r2,md_full11,"(12, 6, 3)",tanh,5.0,29.220791990958407
r2,md_full11,"(12, 6, 3)",tanh,10.0,34.99722930849696
r2,md_full11,"(16, 8, 4)",tanh,0.5,33.24615260027041
r2,md_full11,"(16, 8, 4)",tanh,1.0,33.67198502834524
r2,md_full11,"(16, 8, 4)",tanh,2.0,34.09406237307807
r2,md_full11,"(16, 8, 4)",tanh,3.0,28.23236837968684
r2,md_full11,"(16, 8, 4)",tanh,5.0,29.1178292503283
r2,md_full11,"(16, 8, 4)",tanh,10.0,35.25248989098553
r2,md_full11,"(24, 12, 6)",tanh,0.5,33.593268696040646
r2,md_full11,"(24, 12, 6)",tanh,1.0,33.03248059859864
r2,md_full11,"(24, 12, 6)",tanh,2.0,30.633533605746702
r2,md_full11,"(24, 12, 6)",tanh,3.0,30.630643012532698
r2,md_full11,"(24, 12, 6)",tanh,5.0,28.00596083201924
r2,md_full11,"(24, 12, 6)",tanh,10.0,34.22511007734753
r3,md_zeta9,"(8,)",tanh,0.5,27.66869413342524
r3,md_zeta9,"(8,)",tanh,1.0,27.16436865435308
r3,md_zeta9,"(8,)",tanh,2.0,26.29830516825657
r3,md_zeta9,"(8,)",tanh,3.0,25.187052212942294
r3,md_zeta9,"(8,)",tanh,5.0,27.261962191608
r3,md_zeta9,"(8,)",tanh,10.0,32.79033432408703
r3,md_zeta9,"(12,)",tanh,0.5,27.38515262318243
r3,md_zeta9,"(12,)",tanh,1.0,28.31762954959745
r3,md_zeta9,"(12,)",tanh,2.0,26.09401739911016
r3,md_zeta9,"(12,)",tanh,3.0,25.32276971953521
r3,md_zeta9,"(12,)",tanh,5.0,27.3899699894136
r3,md_zeta9,"(12,)",tanh,10.0,33.00089444057987
r3,md_zeta9,"(4, 2)",tanh,0.5,26.704577867248503
r3,md_zeta9,"(4, 2)",tanh,1.0,26.45491711186748
r3,md_zeta9,"(4, 2)",tanh,2.0,26.763879964595542
r3,md_zeta9,"(4, 2)",tanh,3.0,26.045326092787327
r3,md_zeta9,"(4, 2)",tanh,5.0,26.450441266700675
r3,md_zeta9,"(4, 2)",tanh,10.0,31.63006159277611
r3,md_zeta9,"(6, 3)",tanh,0.5,31.35551683219058
r3,md_zeta9,"(6, 3)",tanh,1.0,30.52838941340568
r3,md_zeta9,"(6, 3)",tanh,2.0,25.64949409938493
r3,md_zeta9,"(6, 3)",tanh,3.0,23.657120289011708
r3,md_zeta9,"(6, 3)",tanh,5.0,25.45172952154565
r3,md_zeta9,"(6, 3)",tanh,10.0,30.578538160897665
r3,md_zeta9,"(8, 4)",tanh,0.5,28.032904093579862
r3,md_zeta9,"(8, 4)",tanh,1.0,28.088727026417278
r3,md_zeta9,"(8, 4)",tanh,2.0,26.76530373723812
r3,md_zeta9,"(8, 4)",tanh,3.0,25.72176060980346
r3,md_zeta9,"(8, 4)",tanh,5.0,25.30073810802836
r3,md_zeta9,"(8, 4)",tanh,10.0,30.696750005860928
r3,md_zeta9,"(10, 5)",tanh,0.5,31.252957569078525
r3,md_zeta9,"(10, 5)",tanh,1.0,24.786904576550874
r3,md_zeta9,"(10, 5)",tanh,2.0,24.47958637665221
r3,md_zeta9,"(10, 5)",tanh,3.0,24.686769577018907
r3,md_zeta9,"(10, 5)",tanh,5.0,25.496027820711195
r3,md_zeta9,"(10, 5)",tanh,10.0,29.89538044296516
r3,md_zeta9,"(12, 6)",tanh,0.5,24.406890945272924
r3,md_zeta9,"(12, 6)",tanh,1.0,23.23650751191198
r3,md_zeta9,"(12, 6)",tanh,2.0,24.77883241875977
r3,md_zeta9,"(12, 6)",tanh,3.0,25.03181780035396
r3,md_zeta9,"(12, 6)",tanh,5.0,25.49153861202204
r3,md_zeta9,"(12, 6)",tanh,10.0,29.54880625377364
r3,md_zeta9,"(16, 8)",tanh,0.5,25.95067802836989
r3,md_zeta9,"(16, 8)",tanh,1.0,25.220956374905107
r3,md_zeta9,"(16, 8)",tanh,2.0,25.297165024102263
r3,md_zeta9,"(16, 8)",tanh,3.0,25.68981276601085
r3,md_zeta9,"(16, 8)",tanh,5.0,26.094801932745742
r3,md_zeta9,"(16, 8)",tanh,10.0,29.443176322655024
r3,md_zeta9,"(20, 10)",tanh,0.5,27.4428670964852
r3,md_zeta9,"(20, 10)",tanh,1.0,25.344277648906143
r3,md_zeta9,"(20, 10)",tanh,2.0,25.02287267358982
r3,md_zeta9,"(20, 10)",tanh,3.0,24.764543162698374
r3,md_zeta9,"(20, 10)",tanh,5.0,26.30356753982944
r3,md_zeta9,"(20, 10)",tanh,10.0,29.37659024523472
r3,md_zeta9,"(24, 12)",tanh,0.5,24.775960338437383
r3,md_zeta9,"(24, 12)",tanh,1.0,25.194946207785563
r3,md_zeta9,"(24, 12)",tanh,2.0,24.763752401817825
r3,md_zeta9,"(24, 12)",tanh,3.0,26.99205632040501
r3,md_zeta9,"(24, 12)",tanh,5.0,26.272840684971072
r3,md_zeta9,"(24, 12)",tanh,10.0,29.832783295294963
r3,md_zeta9,"(8, 8)",tanh,0.5,28.107602099635425
r3,md_zeta9,"(8, 8)",tanh,1.0,24.91508600281592
r3,md_zeta9,"(8, 8)",tanh,2.0,25.458193432155564
r3,md_zeta9,"(8, 8)",tanh,3.0,24.706313200773657
r3,md_zeta9,"(8, 8)",tanh,5.0,25.90973469278696
r3,md_zeta9,"(8, 8)",tanh,10.0,29.464595545279025
r3,md_zeta9,"(16, 16)",tanh,0.5,28.538932071698746
r3,md_zeta9,"(16, 16)",tanh,1.0,25.935430189648297
r3,md_zeta9,"(16, 16)",tanh,2.0,25.146283267183755
r3,md_zeta9,"(16, 16)",tanh,3.0,26.85002634255089
r3,md_zeta9,"(16, 16)",tanh,5.0,26.272082468403063
r3,md_zeta9,"(16, 16)",tanh,10.0,29.504404382298468
r3,md_zeta9,"(8, 4, 2)",tanh,0.5,32.726041349037644
r3,md_zeta9,"(8, 4, 2)",tanh,1.0,30.882664839930243
r3,md_zeta9,"(8, 4, 2)",tanh,2.0,26.880095553525685
r3,md_zeta9,"(8, 4, 2)",tanh,3.0,26.56458026880902
r3,md_zeta9,"(8, 4, 2)",tanh,5.0,25.935085865848
r3,md_zeta9,"(8, 4, 2)",tanh,10.0,29.770213560264143
r3,md_zeta9,"(12, 6, 3)",tanh,0.5,28.045420139794665
r3,md_zeta9,"(12, 6, 3)",tanh,1.0,26.988037887717848
r3,md_zeta9,"(12, 6, 3)",tanh,2.0,24.53757785491046
r3,md_zeta9,"(12, 6, 3)",tanh,3.0,24.893721640692
r3,md_zeta9,"(12, 6, 3)",tanh,5.0,27.4627312178691
r3,md_zeta9,"(12, 6, 3)",tanh,10.0,29.50995804115871
r3,md_zeta9,"(16, 8, 4)",tanh,0.5,30.067411285648195
r3,md_zeta9,"(16, 8, 4)",tanh,1.0,26.04639049461226
r3,md_zeta9,"(16, 8, 4)",tanh,2.0,28.989640755217657
r3,md_zeta9,"(16, 8, 4)",tanh,3.0,24.560762199757697
r3,md_zeta9,"(16, 8, 4)",tanh,5.0,25.62080706219813
r3,md_zeta9,"(16, 8, 4)",tanh,10.0,29.07559433644177
r3,md_zeta9,"(24, 12, 6)",tanh,0.5,31.385942685098463
r3,md_zeta9,"(24, 12, 6)",tanh,1.0,28.23705759919689
r3,md_zeta9,"(24, 12, 6)",tanh,2.0,25.68497987679712
r3,md_zeta9,"(24, 12, 6)",tanh,3.0,26.86245448614855
r3,md_zeta9,"(24, 12, 6)",tanh,5.0,26.72358931862894
r3,md_zeta9,"(24, 12, 6)",tanh,10.0,28.1257493553024
r3,md_beta9,"(8,)",tanh,0.5,42.968247893734
r3,md_beta9,"(8,)",tanh,1.0,37.15649852632218
r3,md_beta9,"(8,)",tanh,2.0,35.16328985489456
r3,md_beta9,"(8,)",tanh,3.0,34.84434332905626
r3,md_beta9,"(8,)",tanh,5.0,33.55658486825425
r3,md_beta9,"(8,)",tanh,10.0,35.62113182097751
r3,md_beta9,"(12,)",tanh,0.5,43.55588149491342
r3,md_beta9,"(12,)",tanh,1.0,38.44575631532912
r3,md_beta9,"(12,)",tanh,2.0,34.64628971904304
r3,md_beta9,"(12,)",tanh,3.0,34.52499828480822
r3,md_beta9,"(12,)",tanh,5.0,34.12479331031558
r3,md_beta9,"(12,)",tanh,10.0,35.88464207806057
r3,md_beta9,"(4, 2)",tanh,0.5,39.96927613578909
r3,md_beta9,"(4, 2)",tanh,1.0,39.39402761123008
r3,md_beta9,"(4, 2)",tanh,2.0,33.69935368555602
r3,md_beta9,"(4, 2)",tanh,3.0,34.94156595427593
r3,md_beta9,"(4, 2)",tanh,5.0,32.34692845055571
r3,md_beta9,"(4, 2)",tanh,10.0,35.37944977143076
r3,md_beta9,"(6, 3)",tanh,0.5,35.96337493117933
r3,md_beta9,"(6, 3)",tanh,1.0,38.58907659538171
r3,md_beta9,"(6, 3)",tanh,2.0,39.187363690123966
r3,md_beta9,"(6, 3)",tanh,3.0,33.716991181515574
r3,md_beta9,"(6, 3)",tanh,5.0,31.80402568154297
r3,md_beta9,"(6, 3)",tanh,10.0,33.177089697700765
r3,md_beta9,"(8, 4)",tanh,0.5,45.489671647713536
r3,md_beta9,"(8, 4)",tanh,1.0,45.34127482368238
r3,md_beta9,"(8, 4)",tanh,2.0,41.54186146769796
r3,md_beta9,"(8, 4)",tanh,3.0,37.27842006358166
r3,md_beta9,"(8, 4)",tanh,5.0,32.42449710285598
r3,md_beta9,"(8, 4)",tanh,10.0,33.64108208342938
r3,md_beta9,"(10, 5)",tanh,0.5,48.661138911727775
r3,md_beta9,"(10, 5)",tanh,1.0,36.78943084915011
r3,md_beta9,"(10, 5)",tanh,2.0,38.25849589148133
r3,md_beta9,"(10, 5)",tanh,3.0,35.26502127174818
r3,md_beta9,"(10, 5)",tanh,5.0,32.80007589018819
r3,md_beta9,"(10, 5)",tanh,10.0,34.027240393910354
r3,md_beta9,"(12, 6)",tanh,0.5,50.74950978520718
r3,md_beta9,"(12, 6)",tanh,1.0,44.882726442347575
r3,md_beta9,"(12, 6)",tanh,2.0,39.74797545527814
r3,md_beta9,"(12, 6)",tanh,3.0,34.93056707142576
r3,md_beta9,"(12, 6)",tanh,5.0,34.01374692851393
r3,md_beta9,"(12, 6)",tanh,10.0,33.53879547463752
r3,md_beta9,"(16, 8)",tanh,0.5,45.72211343531174
r3,md_beta9,"(16, 8)",tanh,1.0,41.12694839383353
r3,md_beta9,"(16, 8)",tanh,2.0,40.561587209082624
r3,md_beta9,"(16, 8)",tanh,3.0,36.92772909770221
r3,md_beta9,"(16, 8)",tanh,5.0,35.14147933330295
r3,md_beta9,"(16, 8)",tanh,10.0,33.80911075439853
r3,md_beta9,"(20, 10)",tanh,0.5,49.53851193361616
r3,md_beta9,"(20, 10)",tanh,1.0,45.31460848154052
r3,md_beta9,"(20, 10)",tanh,2.0,38.9549118597918
r3,md_beta9,"(20, 10)",tanh,3.0,37.79329618486521
r3,md_beta9,"(20, 10)",tanh,5.0,34.92624699825245
r3,md_beta9,"(20, 10)",tanh,10.0,33.10726045006637
r3,md_beta9,"(24, 12)",tanh,0.5,48.34529607252224
r3,md_beta9,"(24, 12)",tanh,1.0,45.01424861239151
r3,md_beta9,"(24, 12)",tanh,2.0,39.05666246278338
r3,md_beta9,"(24, 12)",tanh,3.0,37.62039148588293
r3,md_beta9,"(24, 12)",tanh,5.0,34.239954228469394
r3,md_beta9,"(24, 12)",tanh,10.0,33.90004109944759
r3,md_beta9,"(8, 8)",tanh,0.5,46.037770370283866
r3,md_beta9,"(8, 8)",tanh,1.0,46.04220574739221
r3,md_beta9,"(8, 8)",tanh,2.0,40.3279592497802
r3,md_beta9,"(8, 8)",tanh,3.0,36.84879224670516
r3,md_beta9,"(8, 8)",tanh,5.0,35.26920943977704
r3,md_beta9,"(8, 8)",tanh,10.0,33.578496314371066
r3,md_beta9,"(16, 16)",tanh,0.5,50.66882850436548
r3,md_beta9,"(16, 16)",tanh,1.0,45.2998225804146
r3,md_beta9,"(16, 16)",tanh,2.0,40.56484624150876
r3,md_beta9,"(16, 16)",tanh,3.0,40.71200114604178
r3,md_beta9,"(16, 16)",tanh,5.0,36.28709657797993
r3,md_beta9,"(16, 16)",tanh,10.0,34.05252958324503
r3,md_beta9,"(8, 4, 2)",tanh,0.5,46.671396119040764
r3,md_beta9,"(8, 4, 2)",tanh,1.0,45.54554393630088
r3,md_beta9,"(8, 4, 2)",tanh,2.0,39.904870942356766
r3,md_beta9,"(8, 4, 2)",tanh,3.0,37.51434485579092
r3,md_beta9,"(8, 4, 2)",tanh,5.0,32.6204216006368
r3,md_beta9,"(8, 4, 2)",tanh,10.0,33.69559594614584
r3,md_beta9,"(12, 6, 3)",tanh,0.5,49.95310517830758
r3,md_beta9,"(12, 6, 3)",tanh,1.0,48.262715997387055
r3,md_beta9,"(12, 6, 3)",tanh,2.0,41.481484839725695
r3,md_beta9,"(12, 6, 3)",tanh,3.0,37.59580737128796
r3,md_beta9,"(12, 6, 3)",tanh,5.0,33.814763280020045
r3,md_beta9,"(12, 6, 3)",tanh,10.0,33.40234397210008
r3,md_beta9,"(16, 8, 4)",tanh,0.5,55.786697321230136
r3,md_beta9,"(16, 8, 4)",tanh,1.0,41.721897256167175
r3,md_beta9,"(16, 8, 4)",tanh,2.0,42.3664945516783
r3,md_beta9,"(16, 8, 4)",tanh,3.0,39.07046609325361
r3,md_beta9,"(16, 8, 4)",tanh,5.0,33.134565773861794
r3,md_beta9,"(16, 8, 4)",tanh,10.0,33.252819590691125
r3,md_beta9,"(24, 12, 6)",tanh,0.5,50.117845536936215
r3,md_beta9,"(24, 12, 6)",tanh,1.0,47.298703030034815
r3,md_beta9,"(24, 12, 6)",tanh,2.0,46.32704795084918
r3,md_beta9,"(24, 12, 6)",tanh,3.0,39.92001547745759
r3,md_beta9,"(24, 12, 6)",tanh,5.0,35.33791151172181
r3,md_beta9,"(24, 12, 6)",tanh,10.0,33.928203880750694
r3,md_full11,"(8,)",tanh,0.5,33.19129152697161
r3,md_full11,"(8,)",tanh,1.0,26.173590169604232
r3,md_full11,"(8,)",tanh,2.0,24.695129665228954
r3,md_full11,"(8,)",tanh,3.0,23.82628125045461
r3,md_full11,"(8,)",tanh,5.0,24.86745614335545
r3,md_full11,"(8,)",tanh,10.0,29.569453501018437
r3,md_full11,"(12,)",tanh,0.5,25.329891387605777
r3,md_full11,"(12,)",tanh,1.0,24.65741044063909
r3,md_full11,"(12,)",tanh,2.0,22.64579049432633
r3,md_full11,"(12,)",tanh,3.0,24.34360628034441
r3,md_full11,"(12,)",tanh,5.0,24.933684885073426
r3,md_full11,"(12,)",tanh,10.0,29.91785315704134
r3,md_full11,"(4, 2)",tanh,0.5,32.39205457451696
r3,md_full11,"(4, 2)",tanh,1.0,29.89517486291412
r3,md_full11,"(4, 2)",tanh,2.0,23.42836316407969
r3,md_full11,"(4, 2)",tanh,3.0,22.33167612133124
r3,md_full11,"(4, 2)",tanh,5.0,23.23011505043637
r3,md_full11,"(4, 2)",tanh,10.0,30.66710572662217
r3,md_full11,"(6, 3)",tanh,0.5,26.085433087333456
r3,md_full11,"(6, 3)",tanh,1.0,27.256542662349755
r3,md_full11,"(6, 3)",tanh,2.0,22.512586229614804
r3,md_full11,"(6, 3)",tanh,3.0,22.75645618524086
r3,md_full11,"(6, 3)",tanh,5.0,22.98610009725132
r3,md_full11,"(6, 3)",tanh,10.0,28.246051968294232
r3,md_full11,"(8, 4)",tanh,0.5,26.139886008510118
r3,md_full11,"(8, 4)",tanh,1.0,30.559536461807056
r3,md_full11,"(8, 4)",tanh,2.0,24.100563586046206
r3,md_full11,"(8, 4)",tanh,3.0,21.498141800954645
r3,md_full11,"(8, 4)",tanh,5.0,22.752464163585024
r3,md_full11,"(8, 4)",tanh,10.0,27.298647764760847
r3,md_full11,"(10, 5)",tanh,0.5,31.49897617686143
r3,md_full11,"(10, 5)",tanh,1.0,27.288759065227914
r3,md_full11,"(10, 5)",tanh,2.0,24.95001509408228
r3,md_full11,"(10, 5)",tanh,3.0,22.199609470334277
r3,md_full11,"(10, 5)",tanh,5.0,23.13251960766084
r3,md_full11,"(10, 5)",tanh,10.0,27.03838060595869
r3,md_full11,"(12, 6)",tanh,0.5,29.91003256972532
r3,md_full11,"(12, 6)",tanh,1.0,27.8210939551115
r3,md_full11,"(12, 6)",tanh,2.0,24.69291790605176
r3,md_full11,"(12, 6)",tanh,3.0,22.167425867348797
r3,md_full11,"(12, 6)",tanh,5.0,23.427822100009685
r3,md_full11,"(12, 6)",tanh,10.0,26.709193652330747
r3,md_full11,"(16, 8)",tanh,0.5,32.34897252760222
r3,md_full11,"(16, 8)",tanh,1.0,29.70137371776907
r3,md_full11,"(16, 8)",tanh,2.0,24.61140979317318
r3,md_full11,"(16, 8)",tanh,3.0,22.26156228727207
r3,md_full11,"(16, 8)",tanh,5.0,22.94636743255288
r3,md_full11,"(16, 8)",tanh,10.0,26.752362658758507
r3,md_full11,"(20, 10)",tanh,0.5,30.640351659827587
r3,md_full11,"(20, 10)",tanh,1.0,25.56558474621489
r3,md_full11,"(20, 10)",tanh,2.0,23.21105307590518
r3,md_full11,"(20, 10)",tanh,3.0,23.00632252889084
r3,md_full11,"(20, 10)",tanh,5.0,22.931162158068343
r3,md_full11,"(20, 10)",tanh,10.0,26.6926905381946
r3,md_full11,"(24, 12)",tanh,0.5,28.9611775037
r3,md_full11,"(24, 12)",tanh,1.0,29.19624915870809
r3,md_full11,"(24, 12)",tanh,2.0,23.900434733829893
r3,md_full11,"(24, 12)",tanh,3.0,23.3122695214808
r3,md_full11,"(24, 12)",tanh,5.0,23.216588015336537
r3,md_full11,"(24, 12)",tanh,10.0,27.0501202418094
r3,md_full11,"(8, 8)",tanh,0.5,34.61144734408292
r3,md_full11,"(8, 8)",tanh,1.0,28.502168846987576
r3,md_full11,"(8, 8)",tanh,2.0,24.217701085437643
r3,md_full11,"(8, 8)",tanh,3.0,22.37996678496671
r3,md_full11,"(8, 8)",tanh,5.0,22.89508083067896
r3,md_full11,"(8, 8)",tanh,10.0,27.248807709450084
r3,md_full11,"(16, 16)",tanh,0.5,29.769133777414424
r3,md_full11,"(16, 16)",tanh,1.0,26.82379481148737
r3,md_full11,"(16, 16)",tanh,2.0,24.9603782605114
r3,md_full11,"(16, 16)",tanh,3.0,23.42935529055047
r3,md_full11,"(16, 16)",tanh,5.0,23.395573776452988
r3,md_full11,"(16, 16)",tanh,10.0,26.79324241822175
r3,md_full11,"(8, 4, 2)",tanh,0.5,28.6294225484129
r3,md_full11,"(8, 4, 2)",tanh,1.0,29.60352509674157
r3,md_full11,"(8, 4, 2)",tanh,2.0,26.83830889001577
r3,md_full11,"(8, 4, 2)",tanh,3.0,24.34692055569852
r3,md_full11,"(8, 4, 2)",tanh,5.0,26.0625474944053
r3,md_full11,"(8, 4, 2)",tanh,10.0,30.700631874865746
r3,md_full11,"(12, 6, 3)",tanh,0.5,31.35957811905514
r3,md_full11,"(12, 6, 3)",tanh,1.0,29.971411578775427
r3,md_full11,"(12, 6, 3)",tanh,2.0,26.60342243855216
r3,md_full11,"(12, 6, 3)",tanh,3.0,23.771876383289367
r3,md_full11,"(12, 6, 3)",tanh,5.0,22.92521914131034
r3,md_full11,"(12, 6, 3)",tanh,10.0,26.594880069264764
r3,md_full11,"(16, 8, 4)",tanh,0.5,33.9481589927057
r3,md_full11,"(16, 8, 4)",tanh,1.0,29.844893719854333
r3,md_full11,"(16, 8, 4)",tanh,2.0,27.922019694350457
r3,md_full11,"(16, 8, 4)",tanh,3.0,23.48275315486626
r3,md_full11,"(16, 8, 4)",tanh,5.0,22.285474992140525
r3,md_full11,"(16, 8, 4)",tanh,10.0,25.75365003344897
r3,md_full11,"(24, 12, 6)",tanh,0.5,32.688707976532235
r3,md_full11,"(24, 12, 6)",tanh,1.0,32.708740554395646
r3,md_full11,"(24, 12, 6)",tanh,2.0,27.305464749691303
r3,md_full11,"(24, 12, 6)",tanh,3.0,22.811840167563908
r3,md_full11,"(24, 12, 6)",tanh,5.0,23.899445573507972
r3,md_full11,"(24, 12, 6)",tanh,10.0,25.82315290906748
r4,md_zeta9,"(8,)",tanh,0.5,30.25523268254218
r4,md_zeta9,"(8,)",tanh,1.0,27.853279976571677
r4,md_zeta9,"(8,)",tanh,2.0,26.47236433247887
r4,md_zeta9,"(8,)",tanh,3.0,27.364105438865305
r4,md_zeta9,"(8,)",tanh,5.0,28.25257638949517
r4,md_zeta9,"(8,)",tanh,10.0,33.46057169845544
r4,md_zeta9,"(12,)",tanh,0.5,31.9319678718002
r4,md_zeta9,"(12,)",tanh,1.0,28.586266851789823
r4,md_zeta9,"(12,)",tanh,2.0,25.97353725971474
r4,md_zeta9,"(12,)",tanh,3.0,26.8863512005529
r4,md_zeta9,"(12,)",tanh,5.0,28.10016519322296
r4,md_zeta9,"(12,)",tanh,10.0,33.746134535523794
r4,md_zeta9,"(4, 2)",tanh,0.5,25.117870915333043
r4,md_zeta9,"(4, 2)",tanh,1.0,24.901794169434076
r4,md_zeta9,"(4, 2)",tanh,2.0,27.016565836273703
r4,md_zeta9,"(4, 2)",tanh,3.0,24.47103742243281
r4,md_zeta9,"(4, 2)",tanh,5.0,24.87842805122824
r4,md_zeta9,"(4, 2)",tanh,10.0,30.34030469275516
r4,md_zeta9,"(6, 3)",tanh,0.5,29.239642995118167
r4,md_zeta9,"(6, 3)",tanh,1.0,26.30212599341902
r4,md_zeta9,"(6, 3)",tanh,2.0,24.251009023911244
r4,md_zeta9,"(6, 3)",tanh,3.0,24.200806490176397
r4,md_zeta9,"(6, 3)",tanh,5.0,24.717600666839157
r4,md_zeta9,"(6, 3)",tanh,10.0,29.660920847979924
r4,md_zeta9,"(8, 4)",tanh,0.5,29.51166049287615
r4,md_zeta9,"(8, 4)",tanh,1.0,24.17645484628513
r4,md_zeta9,"(8, 4)",tanh,2.0,24.531073854658484
r4,md_zeta9,"(8, 4)",tanh,3.0,24.92435870244201
r4,md_zeta9,"(8, 4)",tanh,5.0,24.880581354057178
r4,md_zeta9,"(8, 4)",tanh,10.0,30.233643850324608
r4,md_zeta9,"(10, 5)",tanh,0.5,27.54284389748695
r4,md_zeta9,"(10, 5)",tanh,1.0,26.92213503381111
r4,md_zeta9,"(10, 5)",tanh,2.0,24.56174414623597
r4,md_zeta9,"(10, 5)",tanh,3.0,24.442198934604725
r4,md_zeta9,"(10, 5)",tanh,5.0,24.83033583687636
r4,md_zeta9,"(10, 5)",tanh,10.0,29.182040399826416
r4,md_zeta9,"(12, 6)",tanh,0.5,31.79278970633924
r4,md_zeta9,"(12, 6)",tanh,1.0,29.498998733771185
r4,md_zeta9,"(12, 6)",tanh,2.0,27.02433449011435
r4,md_zeta9,"(12, 6)",tanh,3.0,25.116497384573663
r4,md_zeta9,"(12, 6)",tanh,5.0,25.287621405071228
r4,md_zeta9,"(12, 6)",tanh,10.0,30.121602444396217
r4,md_zeta9,"(16, 8)",tanh,0.5,28.549971193358694
r4,md_zeta9,"(16, 8)",tanh,1.0,27.090995573102155
r4,md_zeta9,"(16, 8)",tanh,2.0,27.247651551094837
r4,md_zeta9,"(16, 8)",tanh,3.0,24.89455453018267
r4,md_zeta9,"(16, 8)",tanh,5.0,25.61857225307356
r4,md_zeta9,"(16, 8)",tanh,10.0,28.95643464268944
r4,md_zeta9,"(20, 10)",tanh,0.5,29.003862383507965
r4,md_zeta9,"(20, 10)",tanh,1.0,26.84473404246189
r4,md_zeta9,"(20, 10)",tanh,2.0,25.959458686511084
r4,md_zeta9,"(20, 10)",tanh,3.0,25.819536654905978
r4,md_zeta9,"(20, 10)",tanh,5.0,25.74401285515908
r4,md_zeta9,"(20, 10)",tanh,10.0,28.860181551714746
r4,md_zeta9,"(24, 12)",tanh,0.5,31.30356148061017
r4,md_zeta9,"(24, 12)",tanh,1.0,28.986781511525663
r4,md_zeta9,"(24, 12)",tanh,2.0,26.36354507432764
r4,md_zeta9,"(24, 12)",tanh,3.0,24.976227680739225
r4,md_zeta9,"(24, 12)",tanh,5.0,25.821278796976173
r4,md_zeta9,"(24, 12)",tanh,10.0,28.90128268633488
r4,md_zeta9,"(8, 8)",tanh,0.5,32.16199778622085
r4,md_zeta9,"(8, 8)",tanh,1.0,28.958038106791683
r4,md_zeta9,"(8, 8)",tanh,2.0,26.402542585857063
r4,md_zeta9,"(8, 8)",tanh,3.0,24.69345877512976
r4,md_zeta9,"(8, 8)",tanh,5.0,25.54987171847761
r4,md_zeta9,"(8, 8)",tanh,10.0,28.88109240165806
r4,md_zeta9,"(16, 16)",tanh,0.5,32.453640949219256
r4,md_zeta9,"(16, 16)",tanh,1.0,27.01145581696765
r4,md_zeta9,"(16, 16)",tanh,2.0,26.625175932167235
r4,md_zeta9,"(16, 16)",tanh,3.0,26.316180222427118
r4,md_zeta9,"(16, 16)",tanh,5.0,25.41097173848324
r4,md_zeta9,"(16, 16)",tanh,10.0,28.8462093954356
r4,md_zeta9,"(8, 4, 2)",tanh,0.5,30.12443080710104
r4,md_zeta9,"(8, 4, 2)",tanh,1.0,27.483520793524587
r4,md_zeta9,"(8, 4, 2)",tanh,2.0,26.843327302834854
r4,md_zeta9,"(8, 4, 2)",tanh,3.0,25.21869864192246
r4,md_zeta9,"(8, 4, 2)",tanh,5.0,24.359493610074143
r4,md_zeta9,"(8, 4, 2)",tanh,10.0,28.66386748858206
r4,md_zeta9,"(12, 6, 3)",tanh,0.5,32.63045929894664
r4,md_zeta9,"(12, 6, 3)",tanh,1.0,25.799243684973156
r4,md_zeta9,"(12, 6, 3)",tanh,2.0,26.66840508713081
r4,md_zeta9,"(12, 6, 3)",tanh,3.0,26.157254086825127
r4,md_zeta9,"(12, 6, 3)",tanh,5.0,24.81809492723312
r4,md_zeta9,"(12, 6, 3)",tanh,10.0,27.91668932336096
r4,md_zeta9,"(16, 8, 4)",tanh,0.5,31.85495729618884
r4,md_zeta9,"(16, 8, 4)",tanh,1.0,27.804015365526787
r4,md_zeta9,"(16, 8, 4)",tanh,2.0,26.106713828984965
r4,md_zeta9,"(16, 8, 4)",tanh,3.0,24.891696547559484
r4,md_zeta9,"(16, 8, 4)",tanh,5.0,24.511039301878064
r4,md_zeta9,"(16, 8, 4)",tanh,10.0,27.90238919534849
r4,md_zeta9,"(24, 12, 6)",tanh,0.5,30.33019466384921
r4,md_zeta9,"(24, 12, 6)",tanh,1.0,28.957919540238077
r4,md_zeta9,"(24, 12, 6)",tanh,2.0,24.837544251601287
r4,md_zeta9,"(24, 12, 6)",tanh,3.0,25.59592876638925
r4,md_zeta9,"(24, 12, 6)",tanh,5.0,24.93617398291637
r4,md_zeta9,"(24, 12, 6)",tanh,10.0,27.633339968802204
r4,md_beta9,"(8,)",tanh,0.5,53.127732450283474
r4,md_beta9,"(8,)",tanh,1.0,48.45296416393022
r4,md_beta9,"(8,)",tanh,2.0,43.79606648588573
r4,md_beta9,"(8,)",tanh,3.0,41.16064532423592
r4,md_beta9,"(8,)",tanh,5.0,37.884764316400194
r4,md_beta9,"(8,)",tanh,10.0,40.017215772871154
r4,md_beta9,"(12,)",tanh,0.5,48.86565396474778
r4,md_beta9,"(12,)",tanh,1.0,44.43234742934877
r4,md_beta9,"(12,)",tanh,2.0,42.221096876926254
r4,md_beta9,"(12,)",tanh,3.0,41.70145323042161
r4,md_beta9,"(12,)",tanh,5.0,37.82298815371346
r4,md_beta9,"(12,)",tanh,10.0,40.115584344912975
r4,md_beta9,"(4, 2)",tanh,0.5,48.938696022094085
r4,md_beta9,"(4, 2)",tanh,1.0,46.95979887507282
r4,md_beta9,"(4, 2)",tanh,2.0,42.566532397958426
r4,md_beta9,"(4, 2)",tanh,3.0,42.224300583962936
r4,md_beta9,"(4, 2)",tanh,5.0,39.82591507809345
r4,md_beta9,"(4, 2)",tanh,10.0,40.95702180881501
r4,md_beta9,"(6, 3)",tanh,0.5,44.79105778869568
r4,md_beta9,"(6, 3)",tanh,1.0,49.91639919242874
r4,md_beta9,"(6, 3)",tanh,2.0,46.083793496917565
r4,md_beta9,"(6, 3)",tanh,3.0,40.80831157749761
r4,md_beta9,"(6, 3)",tanh,5.0,40.49003948857458
r4,md_beta9,"(6, 3)",tanh,10.0,39.69021872755982
r4,md_beta9,"(8, 4)",tanh,0.5,50.61480601374142
r4,md_beta9,"(8, 4)",tanh,1.0,45.901941615847775
r4,md_beta9,"(8, 4)",tanh,2.0,42.14621273068833
r4,md_beta9,"(8, 4)",tanh,3.0,40.00910349473151
r4,md_beta9,"(8, 4)",tanh,5.0,38.521463257062535
r4,md_beta9,"(8, 4)",tanh,10.0,39.33671368596792
r4,md_beta9,"(10, 5)",tanh,0.5,52.15147690396829
r4,md_beta9,"(10, 5)",tanh,1.0,47.87359947376447
r4,md_beta9,"(10, 5)",tanh,2.0,45.55822673388805
r4,md_beta9,"(10, 5)",tanh,3.0,41.22226290086317
r4,md_beta9,"(10, 5)",tanh,5.0,40.290715273286025
r4,md_beta9,"(10, 5)",tanh,10.0,39.50150920706527
r4,md_beta9,"(12, 6)",tanh,0.5,52.24414204174475
r4,md_beta9,"(12, 6)",tanh,1.0,51.98617477756635
r4,md_beta9,"(12, 6)",tanh,2.0,45.02399771078697
r4,md_beta9,"(12, 6)",tanh,3.0,40.20158607285333
r4,md_beta9,"(12, 6)",tanh,5.0,38.17565944711716
r4,md_beta9,"(12, 6)",tanh,10.0,38.23054097406147
r4,md_beta9,"(16, 8)",tanh,0.5,55.25460196662855
r4,md_beta9,"(16, 8)",tanh,1.0,55.058468805317126
r4,md_beta9,"(16, 8)",tanh,2.0,47.90306398935807
r4,md_beta9,"(16, 8)",tanh,3.0,45.67506206469524
r4,md_beta9,"(16, 8)",tanh,5.0,40.13386440762946
r4,md_beta9,"(16, 8)",tanh,10.0,38.34228417134194
r4,md_beta9,"(20, 10)",tanh,0.5,57.23553388727002
r4,md_beta9,"(20, 10)",tanh,1.0,52.77214971618751
r4,md_beta9,"(20, 10)",tanh,2.0,45.75194795179037
r4,md_beta9,"(20, 10)",tanh,3.0,44.4539883157336
r4,md_beta9,"(20, 10)",tanh,5.0,40.88784100219226
r4,md_beta9,"(20, 10)",tanh,10.0,38.26990429298248
r4,md_beta9,"(24, 12)",tanh,0.5,52.18254758878038
r4,md_beta9,"(24, 12)",tanh,1.0,52.88527066628192
r4,md_beta9,"(24, 12)",tanh,2.0,47.52375145192335
r4,md_beta9,"(24, 12)",tanh,3.0,42.69090996648272
r4,md_beta9,"(24, 12)",tanh,5.0,39.10591984797113
r4,md_beta9,"(24, 12)",tanh,10.0,39.19949662747203
r4,md_beta9,"(8, 8)",tanh,0.5,52.710088367222696
r4,md_beta9,"(8, 8)",tanh,1.0,47.94939357166169
r4,md_beta9,"(8, 8)",tanh,2.0,44.66759820229097
r4,md_beta9,"(8, 8)",tanh,3.0,43.71339391794935
r4,md_beta9,"(8, 8)",tanh,5.0,40.19264688473403
r4,md_beta9,"(8, 8)",tanh,10.0,38.78618299947296
r4,md_beta9,"(16, 16)",tanh,0.5,61.160152202339134
r4,md_beta9,"(16, 16)",tanh,1.0,51.76218568236256
r4,md_beta9,"(16, 16)",tanh,2.0,51.281619941558894
r4,md_beta9,"(16, 16)",tanh,3.0,46.52849995271631
r4,md_beta9,"(16, 16)",tanh,5.0,43.07559396857571
r4,md_beta9,"(16, 16)",tanh,10.0,38.7734307217181
r4,md_beta9,"(8, 4, 2)",tanh,0.5,54.37347582483245
r4,md_beta9,"(8, 4, 2)",tanh,1.0,55.20922599283999
r4,md_beta9,"(8, 4, 2)",tanh,2.0,44.01912229153267
r4,md_beta9,"(8, 4, 2)",tanh,3.0,40.1885014848276
r4,md_beta9,"(8, 4, 2)",tanh,5.0,40.425747808838814
r4,md_beta9,"(8, 4, 2)",tanh,10.0,40.23619419597695
r4,md_beta9,"(12, 6, 3)",tanh,0.5,53.29664485964916
r4,md_beta9,"(12, 6, 3)",tanh,1.0,47.69584445251631
r4,md_beta9,"(12, 6, 3)",tanh,2.0,44.331046122973554
r4,md_beta9,"(12, 6, 3)",tanh,3.0,40.770109331363926
r4,md_beta9,"(12, 6, 3)",tanh,5.0,38.38620711070384
r4,md_beta9,"(12, 6, 3)",tanh,10.0,40.303906060369634
r4,md_beta9,"(16, 8, 4)",tanh,0.5,52.58322350203753
r4,md_beta9,"(16, 8, 4)",tanh,1.0,53.84001699427571
r4,md_beta9,"(16, 8, 4)",tanh,2.0,45.54902299252625
r4,md_beta9,"(16, 8, 4)",tanh,3.0,38.7056890166115
r4,md_beta9,"(16, 8, 4)",tanh,5.0,38.50159877035556
r4,md_beta9,"(16, 8, 4)",tanh,10.0,39.43354192095762
r4,md_beta9,"(24, 12, 6)",tanh,0.5,58.81092568423658
r4,md_beta9,"(24, 12, 6)",tanh,1.0,53.83910044417466
r4,md_beta9,"(24, 12, 6)",tanh,2.0,49.96660678458751
r4,md_beta9,"(24, 12, 6)",tanh,3.0,42.41674271830136
r4,md_beta9,"(24, 12, 6)",tanh,5.0,37.42546856130856
r4,md_beta9,"(24, 12, 6)",tanh,10.0,40.12272240304177
r4,md_full11,"(8,)",tanh,0.5,32.197246606978254
r4,md_full11,"(8,)",tanh,1.0,27.74957030523217
r4,md_full11,"(8,)",tanh,2.0,26.406003851300994
r4,md_full11,"(8,)",tanh,3.0,26.29635046666673
r4,md_full11,"(8,)",tanh,5.0,26.99754763288228
r4,md_full11,"(8,)",tanh,10.0,30.90299668780581
r4,md_full11,"(12,)",tanh,0.5,28.24109192102188
r4,md_full11,"(12,)",tanh,1.0,26.640871035448946
r4,md_full11,"(12,)",tanh,2.0,26.105436912384693
r4,md_full11,"(12,)",tanh,3.0,26.930327829765048
r4,md_full11,"(12,)",tanh,5.0,27.33609960298361
r4,md_full11,"(12,)",tanh,10.0,31.276428799772805
r4,md_full11,"(4, 2)",tanh,0.5,32.12245365056343
r4,md_full11,"(4, 2)",tanh,1.0,24.789127053167476
r4,md_full11,"(4, 2)",tanh,2.0,26.856004240455174
r4,md_full11,"(4, 2)",tanh,3.0,22.38503436550493
r4,md_full11,"(4, 2)",tanh,5.0,23.62969052570789
r4,md_full11,"(4, 2)",tanh,10.0,32.003391908630384
r4,md_full11,"(6, 3)",tanh,0.5,37.53558636168496
r4,md_full11,"(6, 3)",tanh,1.0,32.72524560614763
r4,md_full11,"(6, 3)",tanh,2.0,27.059230970917888
r4,md_full11,"(6, 3)",tanh,3.0,26.26590679994738
r4,md_full11,"(6, 3)",tanh,5.0,25.529945739042155
r4,md_full11,"(6, 3)",tanh,10.0,27.90602979035705
r4,md_full11,"(8, 4)",tanh,0.5,33.68048233964313
r4,md_full11,"(8, 4)",tanh,1.0,28.378612682678312
r4,md_full11,"(8, 4)",tanh,2.0,25.93578777677385
r4,md_full11,"(8, 4)",tanh,3.0,22.62269869855672
r4,md_full11,"(8, 4)",tanh,5.0,23.85009349248634
r4,md_full11,"(8, 4)",tanh,10.0,27.748663312620863
r4,md_full11,"(10, 5)",tanh,0.5,32.19645259736709
r4,md_full11,"(10, 5)",tanh,1.0,30.24175073125379
r4,md_full11,"(10, 5)",tanh,2.0,25.348186949449985
r4,md_full11,"(10, 5)",tanh,3.0,25.073732120777244
r4,md_full11,"(10, 5)",tanh,5.0,25.38349954200637
r4,md_full11,"(10, 5)",tanh,10.0,27.740740978702444
r4,md_full11,"(12, 6)",tanh,0.5,30.10387748527747
r4,md_full11,"(12, 6)",tanh,1.0,29.084257585767933
r4,md_full11,"(12, 6)",tanh,2.0,25.926372112325215
r4,md_full11,"(12, 6)",tanh,3.0,24.772625390115927
r4,md_full11,"(12, 6)",tanh,5.0,25.43116523820159
r4,md_full11,"(12, 6)",tanh,10.0,27.79971513559277
r4,md_full11,"(16, 8)",tanh,0.5,31.68420013901158
r4,md_full11,"(16, 8)",tanh,1.0,29.95470484670096
r4,md_full11,"(16, 8)",tanh,2.0,24.33440525495452
r4,md_full11,"(16, 8)",tanh,3.0,25.170358777319827
r4,md_full11,"(16, 8)",tanh,5.0,24.854995454038534
r4,md_full11,"(16, 8)",tanh,10.0,27.81196557626296
r4,md_full11,"(20, 10)",tanh,0.5,30.4721141782704
r4,md_full11,"(20, 10)",tanh,1.0,31.5973873641678
r4,md_full11,"(20, 10)",tanh,2.0,25.10520850730669
r4,md_full11,"(20, 10)",tanh,3.0,25.410045024333435
r4,md_full11,"(20, 10)",tanh,5.0,24.519218984123423
r4,md_full11,"(20, 10)",tanh,10.0,27.869827189021283
r4,md_full11,"(24, 12)",tanh,0.5,30.350860705773343
r4,md_full11,"(24, 12)",tanh,1.0,29.07733666050252
r4,md_full11,"(24, 12)",tanh,2.0,26.26317115960258
r4,md_full11,"(24, 12)",tanh,3.0,24.874866646838477
r4,md_full11,"(24, 12)",tanh,5.0,25.144115297284703
r4,md_full11,"(24, 12)",tanh,10.0,27.86378903740217
r4,md_full11,"(8, 8)",tanh,0.5,36.21330391956944
r4,md_full11,"(8, 8)",tanh,1.0,30.786215332880392
r4,md_full11,"(8, 8)",tanh,2.0,27.020200893607903
r4,md_full11,"(8, 8)",tanh,3.0,23.948821811170024
r4,md_full11,"(8, 8)",tanh,5.0,25.76600751551397
r4,md_full11,"(8, 8)",tanh,10.0,27.6844752321241
r4,md_full11,"(16, 16)",tanh,0.5,31.758546122800382
r4,md_full11,"(16, 16)",tanh,1.0,27.5125724623481
r4,md_full11,"(16, 16)",tanh,2.0,27.54622448079244
r4,md_full11,"(16, 16)",tanh,3.0,26.77592130348731
r4,md_full11,"(16, 16)",tanh,5.0,26.01245608925665
r4,md_full11,"(16, 16)",tanh,10.0,27.931475595077764
r4,md_full11,"(8, 4, 2)",tanh,0.5,31.9965577484324
r4,md_full11,"(8, 4, 2)",tanh,1.0,31.13663372227389
r4,md_full11,"(8, 4, 2)",tanh,2.0,25.08110603436053
r4,md_full11,"(8, 4, 2)",tanh,3.0,22.929784754336428
r4,md_full11,"(8, 4, 2)",tanh,5.0,23.77506467298037
r4,md_full11,"(8, 4, 2)",tanh,10.0,29.713600786975736
r4,md_full11,"(12, 6, 3)",tanh,0.5,30.231763956046063
r4,md_full11,"(12, 6, 3)",tanh,1.0,28.793061681205188
r4,md_full11,"(12, 6, 3)",tanh,2.0,24.963909325508777
r4,md_full11,"(12, 6, 3)",tanh,3.0,24.45378784379377
r4,md_full11,"(12, 6, 3)",tanh,5.0,23.701796923571155
r4,md_full11,"(12, 6, 3)",tanh,10.0,25.82082961597265
r4,md_full11,"(16, 8, 4)",tanh,0.5,33.552355711092154
r4,md_full11,"(16, 8, 4)",tanh,1.0,28.36537162243412
r4,md_full11,"(16, 8, 4)",tanh,2.0,26.796513787777837
r4,md_full11,"(16, 8, 4)",tanh,3.0,22.83280564927718
r4,md_full11,"(16, 8, 4)",tanh,5.0,23.278722059123552
r4,md_full11,"(16, 8, 4)",tanh,10.0,26.01412009950389
r4,md_full11,"(24, 12, 6)",tanh,0.5,30.999234801003933
r4,md_full11,"(24, 12, 6)",tanh,1.0,31.75540501631732
r4,md_full11,"(24, 12, 6)",tanh,2.0,28.140585331564232
r4,md_full11,"(24, 12, 6)",tanh,3.0,24.18412029286153
r4,md_full11,"(24, 12, 6)",tanh,5.0,23.46592558309285
r4,md_full11,"(24, 12, 6)",tanh,10.0,25.770388802657457
r5,md_zeta9,"(8,)",tanh,0.5,30.37675159543001
r5,md_zeta9,"(8,)",tanh,1.0,29.724250228536533
r5,md_zeta9,"(8,)",tanh,2.0,29.264126388145804
r5,md_zeta9,"(8,)",tanh,3.0,29.687305406706127
r5,md_zeta9,"(8,)",tanh,5.0,29.156278412246632
r5,md_zeta9,"(8,)",tanh,10.0,34.11135678440703
r5,md_zeta9,"(12,)",tanh,0.5,29.780418215117976
r5,md_zeta9,"(12,)",tanh,1.0,30.59911379792525
r5,md_zeta9,"(12,)",tanh,2.0,29.584912592892543
r5,md_zeta9,"(12,)",tanh,3.0,28.53964030966405
r5,md_zeta9,"(12,)",tanh,5.0,28.45307147597604
r5,md_zeta9,"(12,)",tanh,10.0,34.55021599674433
r5,md_zeta9,"(4, 2)",tanh,0.5,31.99473670500816
r5,md_zeta9,"(4, 2)",tanh,1.0,27.822387614631797
r5,md_zeta9,"(4, 2)",tanh,2.0,31.6283987661076
r5,md_zeta9,"(4, 2)",tanh,3.0,27.370054443744618
r5,md_zeta9,"(4, 2)",tanh,5.0,27.704010909996565
r5,md_zeta9,"(4, 2)",tanh,10.0,31.621452172338365
r5,md_zeta9,"(6, 3)",tanh,0.5,36.91201643263405
r5,md_zeta9,"(6, 3)",tanh,1.0,29.851101205445843
r5,md_zeta9,"(6, 3)",tanh,2.0,25.222080177026605
r5,md_zeta9,"(6, 3)",tanh,3.0,25.86293347126525
r5,md_zeta9,"(6, 3)",tanh,5.0,26.285260079586216
r5,md_zeta9,"(6, 3)",tanh,10.0,31.089632695998297
r5,md_zeta9,"(8, 4)",tanh,0.5,27.6149657540201
r5,md_zeta9,"(8, 4)",tanh,1.0,30.288977707041777
r5,md_zeta9,"(8, 4)",tanh,2.0,26.67356071296548
r5,md_zeta9,"(8, 4)",tanh,3.0,25.2446143660173
r5,md_zeta9,"(8, 4)",tanh,5.0,25.742319165782806
r5,md_zeta9,"(8, 4)",tanh,10.0,31.36601652379926
r5,md_zeta9,"(10, 5)",tanh,0.5,29.815386678431757
r5,md_zeta9,"(10, 5)",tanh,1.0,28.67295283837336
r5,md_zeta9,"(10, 5)",tanh,2.0,26.553815314298912
r5,md_zeta9,"(10, 5)",tanh,3.0,25.835712073215024
r5,md_zeta9,"(10, 5)",tanh,5.0,25.88975091136812
r5,md_zeta9,"(10, 5)",tanh,10.0,30.031434363774643
r5,md_zeta9,"(12, 6)",tanh,0.5,30.49436714656248
r5,md_zeta9,"(12, 6)",tanh,1.0,29.393121286068048
r5,md_zeta9,"(12, 6)",tanh,2.0,27.352778812020556
r5,md_zeta9,"(12, 6)",tanh,3.0,27.014700967017276
r5,md_zeta9,"(12, 6)",tanh,5.0,26.348954183201023
r5,md_zeta9,"(12, 6)",tanh,10.0,29.994535244440204
r5,md_zeta9,"(16, 8)",tanh,0.5,31.798198680621635
r5,md_zeta9,"(16, 8)",tanh,1.0,30.67693203937428
r5,md_zeta9,"(16, 8)",tanh,2.0,27.61367179686074
r5,md_zeta9,"(16, 8)",tanh,3.0,27.755464832109784
r5,md_zeta9,"(16, 8)",tanh,5.0,26.91939568503724
r5,md_zeta9,"(16, 8)",tanh,10.0,29.446985247108444
r5,md_zeta9,"(20, 10)",tanh,0.5,28.95311519334349
r5,md_zeta9,"(20, 10)",tanh,1.0,29.962021915726893
r5,md_zeta9,"(20, 10)",tanh,2.0,27.552829960547275
r5,md_zeta9,"(20, 10)",tanh,3.0,27.76048852642698
r5,md_zeta9,"(20, 10)",tanh,5.0,27.352294404974497
r5,md_zeta9,"(20, 10)",tanh,10.0,29.37276078846695
r5,md_zeta9,"(24, 12)",tanh,0.5,31.933042502139404
r5,md_zeta9,"(24, 12)",tanh,1.0,30.36089657021181
r5,md_zeta9,"(24, 12)",tanh,2.0,28.475434356055256
r5,md_zeta9,"(24, 12)",tanh,3.0,27.24281277440979
r5,md_zeta9,"(24, 12)",tanh,5.0,27.306908031969236
r5,md_zeta9,"(24, 12)",tanh,10.0,29.69994993746608
r5,md_zeta9,"(8, 8)",tanh,0.5,31.14424603742129
r5,md_zeta9,"(8, 8)",tanh,1.0,31.23719542051906
r5,md_zeta9,"(8, 8)",tanh,2.0,28.171749751260325
r5,md_zeta9,"(8, 8)",tanh,3.0,26.565602250406823
r5,md_zeta9,"(8, 8)",tanh,5.0,25.71439766759395
r5,md_zeta9,"(8, 8)",tanh,10.0,29.501765523869476
r5,md_zeta9,"(16, 16)",tanh,0.5,29.119048578637937
r5,md_zeta9,"(16, 16)",tanh,1.0,28.37475397072253
r5,md_zeta9,"(16, 16)",tanh,2.0,26.956701427403924
r5,md_zeta9,"(16, 16)",tanh,3.0,27.920560794295493
r5,md_zeta9,"(16, 16)",tanh,5.0,26.61762967554008
r5,md_zeta9,"(16, 16)",tanh,10.0,30.13047084661248
r5,md_zeta9,"(8, 4, 2)",tanh,0.5,33.44850114414099
r5,md_zeta9,"(8, 4, 2)",tanh,1.0,28.38758444975516
r5,md_zeta9,"(8, 4, 2)",tanh,2.0,28.48638512859329
r5,md_zeta9,"(8, 4, 2)",tanh,3.0,27.731199186031372
r5,md_zeta9,"(8, 4, 2)",tanh,5.0,26.26572035072101
r5,md_zeta9,"(8, 4, 2)",tanh,10.0,28.80108058784204
r5,md_zeta9,"(12, 6, 3)",tanh,0.5,30.120858452215334
r5,md_zeta9,"(12, 6, 3)",tanh,1.0,28.27856560805024
r5,md_zeta9,"(12, 6, 3)",tanh,2.0,28.70361734442944
r5,md_zeta9,"(12, 6, 3)",tanh,3.0,27.162973060362948
r5,md_zeta9,"(12, 6, 3)",tanh,5.0,26.474622661450876
r5,md_zeta9,"(12, 6, 3)",tanh,10.0,28.40150618385381
r5,md_zeta9,"(16, 8, 4)",tanh,0.5,33.69879959614316
r5,md_zeta9,"(16, 8, 4)",tanh,1.0,29.52581069995652
r5,md_zeta9,"(16, 8, 4)",tanh,2.0,30.30709467090415
r5,md_zeta9,"(16, 8, 4)",tanh,3.0,30.45875070610832
r5,md_zeta9,"(16, 8, 4)",tanh,5.0,26.27005264188199
r5,md_zeta9,"(16, 8, 4)",tanh,10.0,28.73116180712909
r5,md_zeta9,"(24, 12, 6)",tanh,0.5,32.84833662192244
r5,md_zeta9,"(24, 12, 6)",tanh,1.0,32.28352144736813
r5,md_zeta9,"(24, 12, 6)",tanh,2.0,28.73097551925495
r5,md_zeta9,"(24, 12, 6)",tanh,3.0,31.347773125726064
r5,md_zeta9,"(24, 12, 6)",tanh,5.0,26.62346987360692
r5,md_zeta9,"(24, 12, 6)",tanh,10.0,28.466050253143344
r5,md_beta9,"(8,)",tanh,0.5,51.190318488082326
r5,md_beta9,"(8,)",tanh,1.0,46.79351275980064
r5,md_beta9,"(8,)",tanh,2.0,42.73841546139584
r5,md_beta9,"(8,)",tanh,3.0,42.30774155649853
r5,md_beta9,"(8,)",tanh,5.0,38.96941758542819
r5,md_beta9,"(8,)",tanh,10.0,40.411553074522814
r5,md_beta9,"(12,)",tanh,0.5,48.48892272785591
r5,md_beta9,"(12,)",tanh,1.0,46.101633414117934
r5,md_beta9,"(12,)",tanh,2.0,43.14816008070824
r5,md_beta9,"(12,)",tanh,3.0,42.35056367249113
r5,md_beta9,"(12,)",tanh,5.0,39.67128636686392
r5,md_beta9,"(12,)",tanh,10.0,40.57939871433295
r5,md_beta9,"(4, 2)",tanh,0.5,51.93298583145186
r5,md_beta9,"(4, 2)",tanh,1.0,41.71372906334989
r5,md_beta9,"(4, 2)",tanh,2.0,40.39122725879453
r5,md_beta9,"(4, 2)",tanh,3.0,39.29989369968975
r5,md_beta9,"(4, 2)",tanh,5.0,39.21849858086314
r5,md_beta9,"(4, 2)",tanh,10.0,42.16529997653216
r5,md_beta9,"(6, 3)",tanh,0.5,51.30809414748253
r5,md_beta9,"(6, 3)",tanh,1.0,44.01335234680047
r5,md_beta9,"(6, 3)",tanh,2.0,43.24759483175756
r5,md_beta9,"(6, 3)",tanh,3.0,42.27809260825736
r5,md_beta9,"(6, 3)",tanh,5.0,40.41176141724223
r5,md_beta9,"(6, 3)",tanh,10.0,39.28009550310416
r5,md_beta9,"(8, 4)",tanh,0.5,46.13747182787585
r5,md_beta9,"(8, 4)",tanh,1.0,48.54167066756344
r5,md_beta9,"(8, 4)",tanh,2.0,46.50571614785689
r5,md_beta9,"(8, 4)",tanh,3.0,41.4051845883408
r5,md_beta9,"(8, 4)",tanh,5.0,39.38837761253954
r5,md_beta9,"(8, 4)",tanh,10.0,39.09644019517621
r5,md_beta9,"(10, 5)",tanh,0.5,51.90118300576874
r5,md_beta9,"(10, 5)",tanh,1.0,58.011371934921286
r5,md_beta9,"(10, 5)",tanh,2.0,46.60825129914055
r5,md_beta9,"(10, 5)",tanh,3.0,43.89766805962589
r5,md_beta9,"(10, 5)",tanh,5.0,39.363141324536855
r5,md_beta9,"(10, 5)",tanh,10.0,39.05536632859222
r5,md_beta9,"(12, 6)",tanh,0.5,57.04907855776046
r5,md_beta9,"(12, 6)",tanh,1.0,51.80133227826995
r5,md_beta9,"(12, 6)",tanh,2.0,46.04723504650192
r5,md_beta9,"(12, 6)",tanh,3.0,45.59583225164162
r5,md_beta9,"(12, 6)",tanh,5.0,38.49750347007913
r5,md_beta9,"(12, 6)",tanh,10.0,38.18090868287755
r5,md_beta9,"(16, 8)",tanh,0.5,52.192274386166375
r5,md_beta9,"(16, 8)",tanh,1.0,50.50019175889191
r5,md_beta9,"(16, 8)",tanh,2.0,51.41974039323608
r5,md_beta9,"(16, 8)",tanh,3.0,44.80340048752436
r5,md_beta9,"(16, 8)",tanh,5.0,42.01950266965285
r5,md_beta9,"(16, 8)",tanh,10.0,38.62976939120325
r5,md_beta9,"(20, 10)",tanh,0.5,52.55134319859176
r5,md_beta9,"(20, 10)",tanh,1.0,54.43882403140488
r5,md_beta9,"(20, 10)",tanh,2.0,46.14550810063449
r5,md_beta9,"(20, 10)",tanh,3.0,45.408222104277705
r5,md_beta9,"(20, 10)",tanh,5.0,41.2554695277459
r5,md_beta9,"(20, 10)",tanh,10.0,38.36600998289608
r5,md_beta9,"(24, 12)",tanh,0.5,58.18718226178582
r5,md_beta9,"(24, 12)",tanh,1.0,56.626141635886334
r5,md_beta9,"(24, 12)",tanh,2.0,47.949246394883446
r5,md_beta9,"(24, 12)",tanh,3.0,45.52835992671162
r5,md_beta9,"(24, 12)",tanh,5.0,43.55162520517445
r5,md_beta9,"(24, 12)",tanh,10.0,38.66944999332903
r5,md_beta9,"(8, 8)",tanh,0.5,57.50084479943649
r5,md_beta9,"(8, 8)",tanh,1.0,51.00143648202504
r5,md_beta9,"(8, 8)",tanh,2.0,46.76668076536007
r5,md_beta9,"(8, 8)",tanh,3.0,46.64603895827595
r5,md_beta9,"(8, 8)",tanh,5.0,40.41123731932547
r5,md_beta9,"(8, 8)",tanh,10.0,39.06010297093079
r5,md_beta9,"(16, 16)",tanh,0.5,60.18287027218041
r5,md_beta9,"(16, 16)",tanh,1.0,53.08404595879336
r5,md_beta9,"(16, 16)",tanh,2.0,48.26200952337884
r5,md_beta9,"(16, 16)",tanh,3.0,45.1701549537431
r5,md_beta9,"(16, 16)",tanh,5.0,41.32847797943767
r5,md_beta9,"(16, 16)",tanh,10.0,38.75933009556262
r5,md_beta9,"(8, 4, 2)",tanh,0.5,47.08960378176301
r5,md_beta9,"(8, 4, 2)",tanh,1.0,52.84224992547212
r5,md_beta9,"(8, 4, 2)",tanh,2.0,43.938421529700506
r5,md_beta9,"(8, 4, 2)",tanh,3.0,41.98728359552858
r5,md_beta9,"(8, 4, 2)",tanh,5.0,44.21823055438689
r5,md_beta9,"(8, 4, 2)",tanh,10.0,40.27719304435785
r5,md_beta9,"(12, 6, 3)",tanh,0.5,51.24873827174709
r5,md_beta9,"(12, 6, 3)",tanh,1.0,51.36460855717523
r5,md_beta9,"(12, 6, 3)",tanh,2.0,46.722016701462366
r5,md_beta9,"(12, 6, 3)",tanh,3.0,40.50060783483134
r5,md_beta9,"(12, 6, 3)",tanh,5.0,38.391854705839776
r5,md_beta9,"(12, 6, 3)",tanh,10.0,39.81541710646706
r5,md_beta9,"(16, 8, 4)",tanh,0.5,53.720565506377966
r5,md_beta9,"(16, 8, 4)",tanh,1.0,49.91353512338223
r5,md_beta9,"(16, 8, 4)",tanh,2.0,44.21807183892407
r5,md_beta9,"(16, 8, 4)",tanh,3.0,42.08424095513819
r5,md_beta9,"(16, 8, 4)",tanh,5.0,37.94407620875432
r5,md_beta9,"(16, 8, 4)",tanh,10.0,39.2410576613093
r5,md_beta9,"(24, 12, 6)",tanh,0.5,56.92903854826725
r5,md_beta9,"(24, 12, 6)",tanh,1.0,51.19221455260056
r5,md_beta9,"(24, 12, 6)",tanh,2.0,55.83021560071936
r5,md_beta9,"(24, 12, 6)",tanh,3.0,43.63101231525188
r5,md_beta9,"(24, 12, 6)",tanh,5.0,40.25161150085408
r5,md_beta9,"(24, 12, 6)",tanh,10.0,38.53916845395928
r5,md_full11,"(8,)",tanh,0.5,29.217259113218653
r5,md_full11,"(8,)",tanh,1.0,28.72577931864
r5,md_full11,"(8,)",tanh,2.0,28.52249398725609
r5,md_full11,"(8,)",tanh,3.0,26.635719057302527
r5,md_full11,"(8,)",tanh,5.0,26.78374425104473
r5,md_full11,"(8,)",tanh,10.0,30.22582228315402
r5,md_full11,"(12,)",tanh,0.5,30.748192567279503
r5,md_full11,"(12,)",tanh,1.0,29.22631684601816
r5,md_full11,"(12,)",tanh,2.0,28.88375442483476
r5,md_full11,"(12,)",tanh,3.0,28.301249606004543
r5,md_full11,"(12,)",tanh,5.0,26.60732230823708
r5,md_full11,"(12,)",tanh,10.0,30.560053734813746
r5,md_full11,"(4, 2)",tanh,0.5,35.552564518870966
r5,md_full11,"(4, 2)",tanh,1.0,26.85626400509643
r5,md_full11,"(4, 2)",tanh,2.0,32.05854684139607
r5,md_full11,"(4, 2)",tanh,3.0,25.94561901633553
r5,md_full11,"(4, 2)",tanh,5.0,26.269262589560743
r5,md_full11,"(4, 2)",tanh,10.0,32.77358075981439
r5,md_full11,"(6, 3)",tanh,0.5,35.54694989683114
r5,md_full11,"(6, 3)",tanh,1.0,31.490678396093347
r5,md_full11,"(6, 3)",tanh,2.0,27.246655749040983
r5,md_full11,"(6, 3)",tanh,3.0,24.812039974283955
r5,md_full11,"(6, 3)",tanh,5.0,25.765622417320355
r5,md_full11,"(6, 3)",tanh,10.0,28.134116860972878
r5,md_full11,"(8, 4)",tanh,0.5,29.97235478067472
r5,md_full11,"(8, 4)",tanh,1.0,29.100103992058077
r5,md_full11,"(8, 4)",tanh,2.0,25.460404659435085
r5,md_full11,"(8, 4)",tanh,3.0,25.9270043198217
r5,md_full11,"(8, 4)",tanh,5.0,25.86582217372429
r5,md_full11,"(8, 4)",tanh,10.0,27.670776474614417
r5,md_full11,"(10, 5)",tanh,0.5,31.180861043679545
r5,md_full11,"(10, 5)",tanh,1.0,28.963067732683434
r5,md_full11,"(10, 5)",tanh,2.0,26.563458830690216
r5,md_full11,"(10, 5)",tanh,3.0,25.36395681755449
r5,md_full11,"(10, 5)",tanh,5.0,25.50729194769102
r5,md_full11,"(10, 5)",tanh,10.0,27.485222279134025
r5,md_full11,"(12, 6)",tanh,0.5,32.304823886816
r5,md_full11,"(12, 6)",tanh,1.0,30.09574793828844
r5,md_full11,"(12, 6)",tanh,2.0,25.902412569054597
r5,md_full11,"(12, 6)",tanh,3.0,27.69423297083373
r5,md_full11,"(12, 6)",tanh,5.0,26.53034582623768
r5,md_full11,"(12, 6)",tanh,10.0,27.681179118024943
r5,md_full11,"(16, 8)",tanh,0.5,31.51086602804738
r5,md_full11,"(16, 8)",tanh,1.0,27.225919112647382
r5,md_full11,"(16, 8)",tanh,2.0,27.2653899865689
r5,md_full11,"(16, 8)",tanh,3.0,26.799669514861357
r5,md_full11,"(16, 8)",tanh,5.0,26.77272060707905
r5,md_full11,"(16, 8)",tanh,10.0,27.467820067677337
r5,md_full11,"(20, 10)",tanh,0.5,29.63576258703324
r5,md_full11,"(20, 10)",tanh,1.0,29.53951500509539
r5,md_full11,"(20, 10)",tanh,2.0,27.67550387707888
r5,md_full11,"(20, 10)",tanh,3.0,29.140108432000964
r5,md_full11,"(20, 10)",tanh,5.0,26.43048697834984
r5,md_full11,"(20, 10)",tanh,10.0,27.485245852869504
r5,md_full11,"(24, 12)",tanh,0.5,33.63363353144541
r5,md_full11,"(24, 12)",tanh,1.0,29.332502619160227
r5,md_full11,"(24, 12)",tanh,2.0,27.715248378525395
r5,md_full11,"(24, 12)",tanh,3.0,27.245940570661208
r5,md_full11,"(24, 12)",tanh,5.0,26.10091204913558
r5,md_full11,"(24, 12)",tanh,10.0,27.701311393676672
r5,md_full11,"(8, 8)",tanh,0.5,32.96170471401594
r5,md_full11,"(8, 8)",tanh,1.0,29.23302648507157
r5,md_full11,"(8, 8)",tanh,2.0,27.88277912655292
r5,md_full11,"(8, 8)",tanh,3.0,28.81267336722604
r5,md_full11,"(8, 8)",tanh,5.0,28.090747769622816
r5,md_full11,"(8, 8)",tanh,10.0,27.50361653642019
r5,md_full11,"(16, 16)",tanh,0.5,33.881232971400394
r5,md_full11,"(16, 16)",tanh,1.0,31.693417117700456
r5,md_full11,"(16, 16)",tanh,2.0,28.90576243516052
r5,md_full11,"(16, 16)",tanh,3.0,27.96592444918927
r5,md_full11,"(16, 16)",tanh,5.0,27.609467122419623
r5,md_full11,"(16, 16)",tanh,10.0,27.76698419118558
r5,md_full11,"(8, 4, 2)",tanh,0.5,29.433586479843285
r5,md_full11,"(8, 4, 2)",tanh,1.0,31.294360172294557
r5,md_full11,"(8, 4, 2)",tanh,2.0,27.084386070519635
r5,md_full11,"(8, 4, 2)",tanh,3.0,27.590267781936703
r5,md_full11,"(8, 4, 2)",tanh,5.0,24.016024425528464
r5,md_full11,"(8, 4, 2)",tanh,10.0,29.13426954878234
r5,md_full11,"(12, 6, 3)",tanh,0.5,31.813100443934182
r5,md_full11,"(12, 6, 3)",tanh,1.0,28.370044295888828
r5,md_full11,"(12, 6, 3)",tanh,2.0,27.48451752060714
r5,md_full11,"(12, 6, 3)",tanh,3.0,24.009960594380583
r5,md_full11,"(12, 6, 3)",tanh,5.0,23.50999931333705
r5,md_full11,"(12, 6, 3)",tanh,10.0,26.48416697153565
r5,md_full11,"(16, 8, 4)",tanh,0.5,32.265488084974244
r5,md_full11,"(16, 8, 4)",tanh,1.0,27.86342119457841
r5,md_full11,"(16, 8, 4)",tanh,2.0,28.7671717686055
r5,md_full11,"(16, 8, 4)",tanh,3.0,25.55152367766646
r5,md_full11,"(16, 8, 4)",tanh,5.0,23.65906796419525
r5,md_full11,"(16, 8, 4)",tanh,10.0,25.875634665091138
r5,md_full11,"(24, 12, 6)",tanh,0.5,33.31145555661545
r5,md_full11,"(24, 12, 6)",tanh,1.0,30.971138091931884
r5,md_full11,"(24, 12, 6)",tanh,2.0,28.876080698736907
r5,md_full11,"(24, 12, 6)",tanh,3.0,26.577860926048253
r5,md_full11,"(24, 12, 6)",tanh,5.0,24.420254658806076
r5,md_full11,"(24, 12, 6)",tanh,10.0,26.027791150773908
r6,md_zeta9,"(8,)",tanh,0.5,30.224996647549503
r6,md_zeta9,"(8,)",tanh,1.0,29.925823918006564
r6,md_zeta9,"(8,)",tanh,2.0,29.432575752878574
r6,md_zeta9,"(8,)",tanh,3.0,28.695349459811144
r6,md_zeta9,"(8,)",tanh,5.0,30.05606785869246
r6,md_zeta9,"(8,)",tanh,10.0,34.5776218486487
r6,md_zeta9,"(12,)",tanh,0.5,26.85310779409615
r6,md_zeta9,"(12,)",tanh,1.0,29.50236399768682
r6,md_zeta9,"(12,)",tanh,2.0,29.890073262919167
r6,md_zeta9,"(12,)",tanh,3.0,28.696261699285337
r6,md_zeta9,"(12,)",tanh,5.0,30.250289352430165
r6,md_zeta9,"(12,)",tanh,10.0,34.580671287866394
r6,md_zeta9,"(4, 2)",tanh,0.5,33.68530173610758
r6,md_zeta9,"(4, 2)",tanh,1.0,28.75244777075012
r6,md_zeta9,"(4, 2)",tanh,2.0,31.015414237662185
r6,md_zeta9,"(4, 2)",tanh,3.0,28.302400422385176
r6,md_zeta9,"(4, 2)",tanh,5.0,27.632129467224768
r6,md_zeta9,"(4, 2)",tanh,10.0,32.340909653319216
r6,md_zeta9,"(6, 3)",tanh,0.5,31.77291946280005
r6,md_zeta9,"(6, 3)",tanh,1.0,30.265176703751138
r6,md_zeta9,"(6, 3)",tanh,2.0,29.900731771014527
r6,md_zeta9,"(6, 3)",tanh,3.0,28.471593316368192
r6,md_zeta9,"(6, 3)",tanh,5.0,28.493731071202998
r6,md_zeta9,"(6, 3)",tanh,10.0,31.44112988873327
r6,md_zeta9,"(8, 4)",tanh,0.5,31.51015877666267
r6,md_zeta9,"(8, 4)",tanh,1.0,31.454570322203256
r6,md_zeta9,"(8, 4)",tanh,2.0,28.715607923759336
r6,md_zeta9,"(8, 4)",tanh,3.0,29.51776084409413
r6,md_zeta9,"(8, 4)",tanh,5.0,28.618400272533552
r6,md_zeta9,"(8, 4)",tanh,10.0,31.466093780167466
r6,md_zeta9,"(10, 5)",tanh,0.5,29.86144634379077
r6,md_zeta9,"(10, 5)",tanh,1.0,28.835584266189848
r6,md_zeta9,"(10, 5)",tanh,2.0,29.338860720582908
r6,md_zeta9,"(10, 5)",tanh,3.0,27.043685528791087
r6,md_zeta9,"(10, 5)",tanh,5.0,28.837032161049923
r6,md_zeta9,"(10, 5)",tanh,10.0,30.97947309374724
r6,md_zeta9,"(12, 6)",tanh,0.5,30.47003805333352
r6,md_zeta9,"(12, 6)",tanh,1.0,28.470812387005736
r6,md_zeta9,"(12, 6)",tanh,2.0,27.896035577006927
r6,md_zeta9,"(12, 6)",tanh,3.0,27.899404553580176
r6,md_zeta9,"(12, 6)",tanh,5.0,28.88838588656477
r6,md_zeta9,"(12, 6)",tanh,10.0,31.051410150076077
r6,md_zeta9,"(16, 8)",tanh,0.5,30.21968519084904
r6,md_zeta9,"(16, 8)",tanh,1.0,30.335306139307683
r6,md_zeta9,"(16, 8)",tanh,2.0,28.082241435098563
r6,md_zeta9,"(16, 8)",tanh,3.0,28.83514992571592
r6,md_zeta9,"(16, 8)",tanh,5.0,29.133075794566025
r6,md_zeta9,"(16, 8)",tanh,10.0,31.218112537249446
r6,md_zeta9,"(20, 10)",tanh,0.5,29.603541528186597
r6,md_zeta9,"(20, 10)",tanh,1.0,27.674495717677807
r6,md_zeta9,"(20, 10)",tanh,2.0,27.8370142188406
r6,md_zeta9,"(20, 10)",tanh,3.0,29.04183398413637
r6,md_zeta9,"(20, 10)",tanh,5.0,27.37817511731188
r6,md_zeta9,"(20, 10)",tanh,10.0,31.236253552083667
r6,md_zeta9,"(24, 12)",tanh,0.5,27.799625492491717
r6,md_zeta9,"(24, 12)",tanh,1.0,30.024393149048613
r6,md_zeta9,"(24, 12)",tanh,2.0,27.75074820315757
r6,md_zeta9,"(24, 12)",tanh,3.0,28.588948953368924
r6,md_zeta9,"(24, 12)",tanh,5.0,27.498990309634596
r6,md_zeta9,"(24, 12)",tanh,10.0,31.28799557276089
r6,md_zeta9,"(8, 8)",tanh,0.5,34.45365219634628
r6,md_zeta9,"(8, 8)",tanh,1.0,30.884928001357643
r6,md_zeta9,"(8, 8)",tanh,2.0,29.82639495243521
r6,md_zeta9,"(8, 8)",tanh,3.0,28.580896381199068
r6,md_zeta9,"(8, 8)",tanh,5.0,27.21811041104532
r6,md_zeta9,"(8, 8)",tanh,10.0,30.9650544596453
r6,md_zeta9,"(16, 16)",tanh,0.5,33.53394385643678
r6,md_zeta9,"(16, 16)",tanh,1.0,28.176278932818605
r6,md_zeta9,"(16, 16)",tanh,2.0,26.784508892740757
r6,md_zeta9,"(16, 16)",tanh,3.0,29.007653172294056
r6,md_zeta9,"(16, 16)",tanh,5.0,27.34120539726661
r6,md_zeta9,"(16, 16)",tanh,10.0,31.24545426931761
r6,md_zeta9,"(8, 4, 2)",tanh,0.5,26.80389670990473
r6,md_zeta9,"(8, 4, 2)",tanh,1.0,30.234108401594007
r6,md_zeta9,"(8, 4, 2)",tanh,2.0,29.427885533032214
r6,md_zeta9,"(8, 4, 2)",tanh,3.0,28.69302421183818
r6,md_zeta9,"(8, 4, 2)",tanh,5.0,27.041456182679763
r6,md_zeta9,"(8, 4, 2)",tanh,10.0,30.13514950516736
r6,md_zeta9,"(12, 6, 3)",tanh,0.5,28.913917042901755
r6,md_zeta9,"(12, 6, 3)",tanh,1.0,28.878556879440445
r6,md_zeta9,"(12, 6, 3)",tanh,2.0,28.212594476008903
r6,md_zeta9,"(12, 6, 3)",tanh,3.0,29.32837859383311
r6,md_zeta9,"(12, 6, 3)",tanh,5.0,28.602925019701622
r6,md_zeta9,"(12, 6, 3)",tanh,10.0,30.131009142666507
r6,md_zeta9,"(16, 8, 4)",tanh,0.5,27.4701688301928
r6,md_zeta9,"(16, 8, 4)",tanh,1.0,30.136365452596788
r6,md_zeta9,"(16, 8, 4)",tanh,2.0,29.50855016822692
r6,md_zeta9,"(16, 8, 4)",tanh,3.0,28.593678277245736
r6,md_zeta9,"(16, 8, 4)",tanh,5.0,26.57695545498608
r6,md_zeta9,"(16, 8, 4)",tanh,10.0,29.95719627145129
r6,md_zeta9,"(24, 12, 6)",tanh,0.5,30.43958779533165
r6,md_zeta9,"(24, 12, 6)",tanh,1.0,35.29184797788345
r6,md_zeta9,"(24, 12, 6)",tanh,2.0,29.341238372417514
r6,md_zeta9,"(24, 12, 6)",tanh,3.0,29.55690079984316
r6,md_zeta9,"(24, 12, 6)",tanh,5.0,29.28011073619597
r6,md_zeta9,"(24, 12, 6)",tanh,10.0,29.473585759519985
r6,md_beta9,"(8,)",tanh,0.5,49.76670274242449
r6,md_beta9,"(8,)",tanh,1.0,50.57045433599846
r6,md_beta9,"(8,)",tanh,2.0,42.559641957088346
r6,md_beta9,"(8,)",tanh,3.0,39.34894673675289
r6,md_beta9,"(8,)",tanh,5.0,38.39571087258506
r6,md_beta9,"(8,)",tanh,10.0,38.83324817152716
r6,md_beta9,"(12,)",tanh,0.5,49.047398476742025
r6,md_beta9,"(12,)",tanh,1.0,46.281478544833874
r6,md_beta9,"(12,)",tanh,2.0,40.91529694896275
r6,md_beta9,"(12,)",tanh,3.0,39.893929877321874
r6,md_beta9,"(12,)",tanh,5.0,38.03281884613243
r6,md_beta9,"(12,)",tanh,10.0,38.89379703410387
r6,md_beta9,"(4, 2)",tanh,0.5,45.784850591806446
r6,md_beta9,"(4, 2)",tanh,1.0,45.364071255342594
r6,md_beta9,"(4, 2)",tanh,2.0,40.84933264650508
r6,md_beta9,"(4, 2)",tanh,3.0,37.680326919820736
r6,md_beta9,"(4, 2)",tanh,5.0,37.58691699772413
r6,md_beta9,"(4, 2)",tanh,10.0,36.96588834530132
r6,md_beta9,"(6, 3)",tanh,0.5,46.621131233618414
r6,md_beta9,"(6, 3)",tanh,1.0,44.53348322693663
r6,md_beta9,"(6, 3)",tanh,2.0,44.23301794103891
r6,md_beta9,"(6, 3)",tanh,3.0,39.3418351183352
r6,md_beta9,"(6, 3)",tanh,5.0,36.51566400838465
r6,md_beta9,"(6, 3)",tanh,10.0,39.03307641904023
r6,md_beta9,"(8, 4)",tanh,0.5,44.78940779316798
r6,md_beta9,"(8, 4)",tanh,1.0,53.36268604316621
r6,md_beta9,"(8, 4)",tanh,2.0,46.52673319063383
r6,md_beta9,"(8, 4)",tanh,3.0,46.71873139944059
r6,md_beta9,"(8, 4)",tanh,5.0,38.66501779323205
r6,md_beta9,"(8, 4)",tanh,10.0,37.2272030219539
r6,md_beta9,"(10, 5)",tanh,0.5,60.2185164012602
r6,md_beta9,"(10, 5)",tanh,1.0,57.80357335187362
r6,md_beta9,"(10, 5)",tanh,2.0,51.11375771847842
r6,md_beta9,"(10, 5)",tanh,3.0,43.4587620930994
r6,md_beta9,"(10, 5)",tanh,5.0,38.20143014340756
r6,md_beta9,"(10, 5)",tanh,10.0,37.38362655645535
r6,md_beta9,"(12, 6)",tanh,0.5,62.1097167478665
r6,md_beta9,"(12, 6)",tanh,1.0,56.84954041430202
r6,md_beta9,"(12, 6)",tanh,2.0,53.47225790623297
r6,md_beta9,"(12, 6)",tanh,3.0,44.647658943684746
r6,md_beta9,"(12, 6)",tanh,5.0,37.58372913485151
r6,md_beta9,"(12, 6)",tanh,10.0,37.13544272278147
r6,md_beta9,"(16, 8)",tanh,0.5,62.03536093446487
r6,md_beta9,"(16, 8)",tanh,1.0,59.26912092590175
r6,md_beta9,"(16, 8)",tanh,2.0,53.29659083191908
r6,md_beta9,"(16, 8)",tanh,3.0,50.49360408952443
r6,md_beta9,"(16, 8)",tanh,5.0,40.11922416462351
r6,md_beta9,"(16, 8)",tanh,10.0,38.00365726091839
r6,md_beta9,"(20, 10)",tanh,0.5,65.20616729115633
r6,md_beta9,"(20, 10)",tanh,1.0,56.19459667046358
r6,md_beta9,"(20, 10)",tanh,2.0,53.7277540358671
r6,md_beta9,"(20, 10)",tanh,3.0,45.745444729570906
r6,md_beta9,"(20, 10)",tanh,5.0,41.536612112436536
r6,md_beta9,"(20, 10)",tanh,10.0,37.88793689162955
r6,md_beta9,"(24, 12)",tanh,0.5,59.04889855921458
r6,md_beta9,"(24, 12)",tanh,1.0,57.94273949264311
r6,md_beta9,"(24, 12)",tanh,2.0,52.81933755945272
r6,md_beta9,"(24, 12)",tanh,3.0,51.80180013364499
r6,md_beta9,"(24, 12)",tanh,5.0,41.79220436741269
r6,md_beta9,"(24, 12)",tanh,10.0,38.05403772495161
r6,md_beta9,"(8, 8)",tanh,0.5,58.24865035087979
r6,md_beta9,"(8, 8)",tanh,1.0,50.22872709351992
r6,md_beta9,"(8, 8)",tanh,2.0,49.1468675951906
r6,md_beta9,"(8, 8)",tanh,3.0,44.59008866686334
r6,md_beta9,"(8, 8)",tanh,5.0,39.63403380512183
r6,md_beta9,"(8, 8)",tanh,10.0,37.4979784710343
r6,md_beta9,"(16, 16)",tanh,0.5,62.65665381459901
r6,md_beta9,"(16, 16)",tanh,1.0,64.26940403405527
r6,md_beta9,"(16, 16)",tanh,2.0,54.43688174687166
r6,md_beta9,"(16, 16)",tanh,3.0,51.38555073330824
r6,md_beta9,"(16, 16)",tanh,5.0,42.25555474960986
r6,md_beta9,"(16, 16)",tanh,10.0,37.98699013383363
r6,md_beta9,"(8, 4, 2)",tanh,0.5,62.052477856797566
r6,md_beta9,"(8, 4, 2)",tanh,1.0,57.88722480030085
r6,md_beta9,"(8, 4, 2)",tanh,2.0,44.5547009305494
r6,md_beta9,"(8, 4, 2)",tanh,3.0,39.318785476324926
r6,md_beta9,"(8, 4, 2)",tanh,5.0,36.86182596855868
r6,md_beta9,"(8, 4, 2)",tanh,10.0,37.71729676532128
r6,md_beta9,"(12, 6, 3)",tanh,0.5,57.75140911900985
r6,md_beta9,"(12, 6, 3)",tanh,1.0,58.3160594115087
r6,md_beta9,"(12, 6, 3)",tanh,2.0,47.48409733293032
r6,md_beta9,"(12, 6, 3)",tanh,3.0,43.78550806753657
r6,md_beta9,"(12, 6, 3)",tanh,5.0,39.52243114397901
r6,md_beta9,"(12, 6, 3)",tanh,10.0,38.5673421345958
r6,md_beta9,"(16, 8, 4)",tanh,0.5,66.35642447140815
r6,md_beta9,"(16, 8, 4)",tanh,1.0,63.007970610216056
r6,md_beta9,"(16, 8, 4)",tanh,2.0,55.50650997175667
r6,md_beta9,"(16, 8, 4)",tanh,3.0,48.98034851326711
r6,md_beta9,"(16, 8, 4)",tanh,5.0,40.28580633612221
r6,md_beta9,"(16, 8, 4)",tanh,10.0,37.44185702799045
r6,md_beta9,"(24, 12, 6)",tanh,0.5,65.05267152465484
r6,md_beta9,"(24, 12, 6)",tanh,1.0,61.956255597793096
r6,md_beta9,"(24, 12, 6)",tanh,2.0,54.24965890748105
r6,md_beta9,"(24, 12, 6)",tanh,3.0,47.2391209485646
r6,md_beta9,"(24, 12, 6)",tanh,5.0,41.14343977912024
r6,md_beta9,"(24, 12, 6)",tanh,10.0,37.83404630661555
r6,md_full11,"(8,)",tanh,0.5,31.453341825773304
r6,md_full11,"(8,)",tanh,1.0,29.531842601342657
r6,md_full11,"(8,)",tanh,2.0,27.767888230889803
r6,md_full11,"(8,)",tanh,3.0,27.537424702853706
r6,md_full11,"(8,)",tanh,5.0,28.210514385577493
r6,md_full11,"(8,)",tanh,10.0,31.08158459005309
r6,md_full11,"(12,)",tanh,0.5,32.90479503148851
r6,md_full11,"(12,)",tanh,1.0,30.51276251221729
r6,md_full11,"(12,)",tanh,2.0,27.73791733324482
r6,md_full11,"(12,)",tanh,3.0,27.458202416398137
r6,md_full11,"(12,)",tanh,5.0,28.179761428354745
r6,md_full11,"(12,)",tanh,10.0,31.03391324919257
r6,md_full11,"(4, 2)",tanh,0.5,34.728204832408736
r6,md_full11,"(4, 2)",tanh,1.0,29.103156801134947
r6,md_full11,"(4, 2)",tanh,2.0,28.29238156000962
r6,md_full11,"(4, 2)",tanh,3.0,26.728077634380945
r6,md_full11,"(4, 2)",tanh,5.0,27.525095193948964
r6,md_full11,"(4, 2)",tanh,10.0,32.558269730591824
r6,md_full11,"(6, 3)",tanh,0.5,35.19279272536612
r6,md_full11,"(6, 3)",tanh,1.0,29.622939032014397
r6,md_full11,"(6, 3)",tanh,2.0,28.0843967995206
r6,md_full11,"(6, 3)",tanh,3.0,28.22816105438345
r6,md_full11,"(6, 3)",tanh,5.0,27.17043210177933
r6,md_full11,"(6, 3)",tanh,10.0,30.48358063720621
r6,md_full11,"(8, 4)",tanh,0.5,33.31936042103389
r6,md_full11,"(8, 4)",tanh,1.0,31.99262397250182
r6,md_full11,"(8, 4)",tanh,2.0,28.957650275891968
r6,md_full11,"(8, 4)",tanh,3.0,28.156950305729435
r6,md_full11,"(8, 4)",tanh,5.0,27.290765253249912
r6,md_full11,"(8, 4)",tanh,10.0,29.76407170650799
r6,md_full11,"(10, 5)",tanh,0.5,32.586751497155085
r6,md_full11,"(10, 5)",tanh,1.0,30.08065436621419
r6,md_full11,"(10, 5)",tanh,2.0,28.992621087702457
r6,md_full11,"(10, 5)",tanh,3.0,26.522631215032263
r6,md_full11,"(10, 5)",tanh,5.0,27.515496055624293
r6,md_full11,"(10, 5)",tanh,10.0,29.454376346968854
r6,md_full11,"(12, 6)",tanh,0.5,34.75189493317113
r6,md_full11,"(12, 6)",tanh,1.0,30.565071090230948
r6,md_full11,"(12, 6)",tanh,2.0,29.294679317302357
r6,md_full11,"(12, 6)",tanh,3.0,27.62133873595145
r6,md_full11,"(12, 6)",tanh,5.0,27.14357743215162
r6,md_full11,"(12, 6)",tanh,10.0,29.37246138779353
r6,md_full11,"(16, 8)",tanh,0.5,30.903621099005385
r6,md_full11,"(16, 8)",tanh,1.0,32.44916987697246
r6,md_full11,"(16, 8)",tanh,2.0,30.285700721006048
r6,md_full11,"(16, 8)",tanh,3.0,28.067592825452767
r6,md_full11,"(16, 8)",tanh,5.0,27.28768700930085
r6,md_full11,"(16, 8)",tanh,10.0,29.303621121045733
r6,md_full11,"(20, 10)",tanh,0.5,29.887374369338552
r6,md_full11,"(20, 10)",tanh,1.0,32.342915969733575
r6,md_full11,"(20, 10)",tanh,2.0,30.63611156236912
r6,md_full11,"(20, 10)",tanh,3.0,28.959183634026903
r6,md_full11,"(20, 10)",tanh,5.0,27.454112100850683
r6,md_full11,"(20, 10)",tanh,10.0,29.24921435350937
r6,md_full11,"(24, 12)",tanh,0.5,34.442721033053424
r6,md_full11,"(24, 12)",tanh,1.0,32.66227929475998
r6,md_full11,"(24, 12)",tanh,2.0,30.28303440568076
r6,md_full11,"(24, 12)",tanh,3.0,28.547380413317995
r6,md_full11,"(24, 12)",tanh,5.0,27.50803708817308
r6,md_full11,"(24, 12)",tanh,10.0,29.135131998604628
r6,md_full11,"(8, 8)",tanh,0.5,36.11040275079651
r6,md_full11,"(8, 8)",tanh,1.0,32.108063215499925
r6,md_full11,"(8, 8)",tanh,2.0,29.815108113088137
r6,md_full11,"(8, 8)",tanh,3.0,28.18771831388757
r6,md_full11,"(8, 8)",tanh,5.0,27.08222070538772
r6,md_full11,"(8, 8)",tanh,10.0,29.10313809429909
r6,md_full11,"(16, 16)",tanh,0.5,34.69472515081224
r6,md_full11,"(16, 16)",tanh,1.0,31.836933760151588
r6,md_full11,"(16, 16)",tanh,2.0,31.50508029192654
r6,md_full11,"(16, 16)",tanh,3.0,29.30884335076028
r6,md_full11,"(16, 16)",tanh,5.0,28.01898080288
r6,md_full11,"(16, 16)",tanh,10.0,29.21045576742143
r6,md_full11,"(8, 4, 2)",tanh,0.5,28.493350642078305
r6,md_full11,"(8, 4, 2)",tanh,1.0,32.46432406313065
r6,md_full11,"(8, 4, 2)",tanh,2.0,28.887307176052087
r6,md_full11,"(8, 4, 2)",tanh,3.0,26.840508612319773
r6,md_full11,"(8, 4, 2)",tanh,5.0,27.569986956124296
r6,md_full11,"(8, 4, 2)",tanh,10.0,31.646200761363303
r6,md_full11,"(12, 6, 3)",tanh,0.5,34.02907526861336
r6,md_full11,"(12, 6, 3)",tanh,1.0,32.12092176190623
r6,md_full11,"(12, 6, 3)",tanh,2.0,29.09235268957762
r6,md_full11,"(12, 6, 3)",tanh,3.0,25.971616506423373
r6,md_full11,"(12, 6, 3)",tanh,5.0,25.87109985508514
r6,md_full11,"(12, 6, 3)",tanh,10.0,29.015551002869763
r6,md_full11,"(16, 8, 4)",tanh,0.5,32.75205534778198
r6,md_full11,"(16, 8, 4)",tanh,1.0,33.287334019041324
r6,md_full11,"(16, 8, 4)",tanh,2.0,29.945433566427152
r6,md_full11,"(16, 8, 4)",tanh,3.0,27.676048512898127
r6,md_full11,"(16, 8, 4)",tanh,5.0,25.79545767403817
r6,md_full11,"(16, 8, 4)",tanh,10.0,27.9107831754203
r6,md_full11,"(24, 12, 6)",tanh,0.5,36.5096699147089
r6,md_full11,"(24, 12, 6)",tanh,1.0,33.75261329798032
r6,md_full11,"(24, 12, 6)",tanh,2.0,31.470697366013344
r6,md_full11,"(24, 12, 6)",tanh,3.0,28.29751855217621
r6,md_full11,"(24, 12, 6)",tanh,5.0,26.80982323002484
r6,md_full11,"(24, 12, 6)",tanh,10.0,28.676787909976102
r7,md_zeta9,"(8,)",tanh,0.5,30.04568095552968
r7,md_zeta9,"(8,)",tanh,1.0,25.22025252987144
r7,md_zeta9,"(8,)",tanh,2.0,25.412356170479683
r7,md_zeta9,"(8,)",tanh,3.0,26.65982687262209
r7,md_zeta9,"(8,)",tanh,5.0,27.188622547456976
r7,md_zeta9,"(8,)",tanh,10.0,34.08784675008674
r7,md_zeta9,"(12,)",tanh,0.5,26.75818460281904
r7,md_zeta9,"(12,)",tanh,1.0,24.768458419705016
r7,md_zeta9,"(12,)",tanh,2.0,25.537797359669263
r7,md_zeta9,"(12,)",tanh,3.0,26.061138516165887
r7,md_zeta9,"(12,)",tanh,5.0,27.395890607435742
r7,md_zeta9,"(12,)",tanh,10.0,34.46079845232299
r7,md_zeta9,"(4, 2)",tanh,0.5,30.31050772816186
r7,md_zeta9,"(4, 2)",tanh,1.0,26.20114036714948
r7,md_zeta9,"(4, 2)",tanh,2.0,27.15378477886967
r7,md_zeta9,"(4, 2)",tanh,3.0,26.864520313951367
r7,md_zeta9,"(4, 2)",tanh,5.0,26.21502027368665
r7,md_zeta9,"(4, 2)",tanh,10.0,31.52182455083321
r7,md_zeta9,"(6, 3)",tanh,0.5,26.55424161449533
r7,md_zeta9,"(6, 3)",tanh,1.0,24.34887961519404
r7,md_zeta9,"(6, 3)",tanh,2.0,20.071335205433467
r7,md_zeta9,"(6, 3)",tanh,3.0,21.50124051099461
r7,md_zeta9,"(6, 3)",tanh,5.0,23.459976021661912
r7,md_zeta9,"(6, 3)",tanh,10.0,30.405854935053828
r7,md_zeta9,"(8, 4)",tanh,0.5,28.765002139382727
r7,md_zeta9,"(8, 4)",tanh,1.0,26.482506931236607
r7,md_zeta9,"(8, 4)",tanh,2.0,24.111536581681044
r7,md_zeta9,"(8, 4)",tanh,3.0,21.579562470623596
r7,md_zeta9,"(8, 4)",tanh,5.0,22.664193383987133
r7,md_zeta9,"(8, 4)",tanh,10.0,31.255313981091597
r7,md_zeta9,"(10, 5)",tanh,0.5,31.0338899767277
r7,md_zeta9,"(10, 5)",tanh,1.0,26.212707942059104
r7,md_zeta9,"(10, 5)",tanh,2.0,24.26031541549155
r7,md_zeta9,"(10, 5)",tanh,3.0,21.885602704143555
r7,md_zeta9,"(10, 5)",tanh,5.0,23.13334892124339
r7,md_zeta9,"(10, 5)",tanh,10.0,30.218966053699337
r7,md_zeta9,"(12, 6)",tanh,0.5,30.147886261620336
r7,md_zeta9,"(12, 6)",tanh,1.0,27.48165232045601
r7,md_zeta9,"(12, 6)",tanh,2.0,23.053406314889106
r7,md_zeta9,"(12, 6)",tanh,3.0,21.85373971181685
r7,md_zeta9,"(12, 6)",tanh,5.0,23.099263366845065
r7,md_zeta9,"(12, 6)",tanh,10.0,29.0846596897852
r7,md_zeta9,"(16, 8)",tanh,0.5,27.93963091816486
r7,md_zeta9,"(16, 8)",tanh,1.0,28.71144383048759
r7,md_zeta9,"(16, 8)",tanh,2.0,24.254983505610426
r7,md_zeta9,"(16, 8)",tanh,3.0,23.33929335744224
r7,md_zeta9,"(16, 8)",tanh,5.0,23.244621426635685
r7,md_zeta9,"(16, 8)",tanh,10.0,28.47359879227961
r7,md_zeta9,"(20, 10)",tanh,0.5,30.231070397958028
r7,md_zeta9,"(20, 10)",tanh,1.0,25.919383823576503
r7,md_zeta9,"(20, 10)",tanh,2.0,24.535459624420497
r7,md_zeta9,"(20, 10)",tanh,3.0,22.33302260715999
r7,md_zeta9,"(20, 10)",tanh,5.0,24.12270442615012
r7,md_zeta9,"(20, 10)",tanh,10.0,28.567771887799097
r7,md_zeta9,"(24, 12)",tanh,0.5,30.286827555168365
r7,md_zeta9,"(24, 12)",tanh,1.0,27.84936092621181
r7,md_zeta9,"(24, 12)",tanh,2.0,23.548628653548832
r7,md_zeta9,"(24, 12)",tanh,3.0,22.50411904355969
r7,md_zeta9,"(24, 12)",tanh,5.0,24.201537869169
r7,md_zeta9,"(24, 12)",tanh,10.0,28.39704617459009
r7,md_zeta9,"(8, 8)",tanh,0.5,27.95971926988335
r7,md_zeta9,"(8, 8)",tanh,1.0,27.339457011917524
r7,md_zeta9,"(8, 8)",tanh,2.0,24.157814424011477
r7,md_zeta9,"(8, 8)",tanh,3.0,22.162501400629186
r7,md_zeta9,"(8, 8)",tanh,5.0,23.160268492066457
r7,md_zeta9,"(8, 8)",tanh,10.0,28.288583753634214
r7,md_zeta9,"(16, 16)",tanh,0.5,29.95025739329376
r7,md_zeta9,"(16, 16)",tanh,1.0,25.679208020067897
r7,md_zeta9,"(16, 16)",tanh,2.0,23.765305755877204
r7,md_zeta9,"(16, 16)",tanh,3.0,22.23861135379933
r7,md_zeta9,"(16, 16)",tanh,5.0,24.94412662588224
r7,md_zeta9,"(16, 16)",tanh,10.0,28.620625729389484
r7,md_zeta9,"(8, 4, 2)",tanh,0.5,30.500279506579943
r7,md_zeta9,"(8, 4, 2)",tanh,1.0,27.83341525192079
r7,md_zeta9,"(8, 4, 2)",tanh,2.0,25.927677013945857
r7,md_zeta9,"(8, 4, 2)",tanh,3.0,24.473753510879696
r7,md_zeta9,"(8, 4, 2)",tanh,5.0,22.515491953570205
r7,md_zeta9,"(8, 4, 2)",tanh,10.0,26.884188148705924
r7,md_zeta9,"(12, 6, 3)",tanh,0.5,27.896454940567565
r7,md_zeta9,"(12, 6, 3)",tanh,1.0,27.047944028772434
r7,md_zeta9,"(12, 6, 3)",tanh,2.0,29.302290160855897
r7,md_zeta9,"(12, 6, 3)",tanh,3.0,24.828513044054223
r7,md_zeta9,"(12, 6, 3)",tanh,5.0,21.89283929839885
r7,md_zeta9,"(12, 6, 3)",tanh,10.0,26.27210102125584
r7,md_zeta9,"(16, 8, 4)",tanh,0.5,36.393178603032766
r7,md_zeta9,"(16, 8, 4)",tanh,1.0,28.55661375753721
r7,md_zeta9,"(16, 8, 4)",tanh,2.0,24.844590922185724
r7,md_zeta9,"(16, 8, 4)",tanh,3.0,28.336957991201427
r7,md_zeta9,"(16, 8, 4)",tanh,5.0,22.960047042556983
r7,md_zeta9,"(16, 8, 4)",tanh,10.0,26.276444832208675
r7,md_zeta9,"(24, 12, 6)",tanh,0.5,32.1344292445272
r7,md_zeta9,"(24, 12, 6)",tanh,1.0,30.72723594365149
r7,md_zeta9,"(24, 12, 6)",tanh,2.0,25.416668136384867
r7,md_zeta9,"(24, 12, 6)",tanh,3.0,28.19501877000177
r7,md_zeta9,"(24, 12, 6)",tanh,5.0,21.82807597361108
r7,md_zeta9,"(24, 12, 6)",tanh,10.0,26.024151494083803
r7,md_beta9,"(8,)",tanh,0.5,45.83860504324612
r7,md_beta9,"(8,)",tanh,1.0,50.08413351092976
r7,md_beta9,"(8,)",tanh,2.0,42.28091961794818
r7,md_beta9,"(8,)",tanh,3.0,42.20968236791092
r7,md_beta9,"(8,)",tanh,5.0,39.99639518667534
r7,md_beta9,"(8,)",tanh,10.0,40.66893357125221
r7,md_beta9,"(12,)",tanh,0.5,50.223640882532166
r7,md_beta9,"(12,)",tanh,1.0,46.72714973081098
r7,md_beta9,"(12,)",tanh,2.0,43.15161226893146
r7,md_beta9,"(12,)",tanh,3.0,41.286289758981376
r7,md_beta9,"(12,)",tanh,5.0,39.95690144051641
r7,md_beta9,"(12,)",tanh,10.0,40.77735497097886
r7,md_beta9,"(4, 2)",tanh,0.5,43.313956668576566
r7,md_beta9,"(4, 2)",tanh,1.0,39.20513687019096
r7,md_beta9,"(4, 2)",tanh,2.0,43.46275839326934
r7,md_beta9,"(4, 2)",tanh,3.0,38.416480450551454
r7,md_beta9,"(4, 2)",tanh,5.0,37.81481916224379
r7,md_beta9,"(4, 2)",tanh,10.0,40.879722307730376
r7,md_beta9,"(6, 3)",tanh,0.5,46.75682369719095
r7,md_beta9,"(6, 3)",tanh,1.0,44.437381160944255
r7,md_beta9,"(6, 3)",tanh,2.0,43.47322427961044
r7,md_beta9,"(6, 3)",tanh,3.0,40.4260164265335
r7,md_beta9,"(6, 3)",tanh,5.0,38.752552047025446
r7,md_beta9,"(6, 3)",tanh,10.0,39.83472647133016
r7,md_beta9,"(8, 4)",tanh,0.5,44.14617039857952
r7,md_beta9,"(8, 4)",tanh,1.0,47.96417483067433
r7,md_beta9,"(8, 4)",tanh,2.0,43.16280673240893
r7,md_beta9,"(8, 4)",tanh,3.0,42.35564297835957
r7,md_beta9,"(8, 4)",tanh,5.0,40.242708358482425
r7,md_beta9,"(8, 4)",tanh,10.0,39.975560625464354
r7,md_beta9,"(10, 5)",tanh,0.5,55.11197988667048
r7,md_beta9,"(10, 5)",tanh,1.0,52.24249559130711
r7,md_beta9,"(10, 5)",tanh,2.0,45.97680313107403
r7,md_beta9,"(10, 5)",tanh,3.0,42.18896288479934
r7,md_beta9,"(10, 5)",tanh,5.0,40.26226699784456
r7,md_beta9,"(10, 5)",tanh,10.0,39.61077171906573
r7,md_beta9,"(12, 6)",tanh,0.5,58.85745939074143
r7,md_beta9,"(12, 6)",tanh,1.0,50.12111375288762
r7,md_beta9,"(12, 6)",tanh,2.0,46.9423387417259
r7,md_beta9,"(12, 6)",tanh,3.0,42.06804048188104
r7,md_beta9,"(12, 6)",tanh,5.0,39.64517614658645
r7,md_beta9,"(12, 6)",tanh,10.0,39.27038285759868
r7,md_beta9,"(16, 8)",tanh,0.5,57.14375379300941
r7,md_beta9,"(16, 8)",tanh,1.0,54.618102423278366
r7,md_beta9,"(16, 8)",tanh,2.0,48.03113208518664
r7,md_beta9,"(16, 8)",tanh,3.0,42.009213849186
r7,md_beta9,"(16, 8)",tanh,5.0,41.85654166156944
r7,md_beta9,"(16, 8)",tanh,10.0,39.816731646759614
r7,md_beta9,"(20, 10)",tanh,0.5,56.13384133582942
r7,md_beta9,"(20, 10)",tanh,1.0,57.21846885399284
r7,md_beta9,"(20, 10)",tanh,2.0,49.28986311101379
r7,md_beta9,"(20, 10)",tanh,3.0,44.789997395875474
r7,md_beta9,"(20, 10)",tanh,5.0,41.4064269171151
r7,md_beta9,"(20, 10)",tanh,10.0,39.73775561601813
r7,md_beta9,"(24, 12)",tanh,0.5,58.26605669536831
r7,md_beta9,"(24, 12)",tanh,1.0,56.16848309899977
r7,md_beta9,"(24, 12)",tanh,2.0,46.13206707737548
r7,md_beta9,"(24, 12)",tanh,3.0,44.86635447057367
r7,md_beta9,"(24, 12)",tanh,5.0,42.407774635606486
r7,md_beta9,"(24, 12)",tanh,10.0,39.82625423540884
r7,md_beta9,"(8, 8)",tanh,0.5,61.380758132955336
r7,md_beta9,"(8, 8)",tanh,1.0,58.48455463580059
r7,md_beta9,"(8, 8)",tanh,2.0,48.92503758384358
r7,md_beta9,"(8, 8)",tanh,3.0,41.53444282182536
r7,md_beta9,"(8, 8)",tanh,5.0,40.772099798216495
r7,md_beta9,"(8, 8)",tanh,10.0,39.92830356937803
r7,md_beta9,"(16, 16)",tanh,0.5,58.124260952285496
r7,md_beta9,"(16, 16)",tanh,1.0,55.74837705715595
r7,md_beta9,"(16, 16)",tanh,2.0,50.46002582111289
r7,md_beta9,"(16, 16)",tanh,3.0,44.22362535481409
r7,md_beta9,"(16, 16)",tanh,5.0,41.90705611186934
r7,md_beta9,"(16, 16)",tanh,10.0,39.60057668994549
r7,md_beta9,"(8, 4, 2)",tanh,0.5,53.05447335876147
r7,md_beta9,"(8, 4, 2)",tanh,1.0,46.14565912745216
r7,md_beta9,"(8, 4, 2)",tanh,2.0,45.14362481099902
r7,md_beta9,"(8, 4, 2)",tanh,3.0,38.48097818238704
r7,md_beta9,"(8, 4, 2)",tanh,5.0,38.69600889681127
r7,md_beta9,"(8, 4, 2)",tanh,10.0,39.13779406903573
r7,md_beta9,"(12, 6, 3)",tanh,0.5,52.92055140758743
r7,md_beta9,"(12, 6, 3)",tanh,1.0,51.54602074000562
r7,md_beta9,"(12, 6, 3)",tanh,2.0,44.25776088008854
r7,md_beta9,"(12, 6, 3)",tanh,3.0,39.46147553284515
r7,md_beta9,"(12, 6, 3)",tanh,5.0,38.157714580248886
r7,md_beta9,"(12, 6, 3)",tanh,10.0,38.33604276404269
r7,md_beta9,"(16, 8, 4)",tanh,0.5,59.2911563099385
r7,md_beta9,"(16, 8, 4)",tanh,1.0,49.68283486466554
r7,md_beta9,"(16, 8, 4)",tanh,2.0,52.99445084940358
r7,md_beta9,"(16, 8, 4)",tanh,3.0,41.02132077441644
r7,md_beta9,"(16, 8, 4)",tanh,5.0,37.28386570714487
r7,md_beta9,"(16, 8, 4)",tanh,10.0,38.83558468292496
r7,md_beta9,"(24, 12, 6)",tanh,0.5,55.94042730228222
r7,md_beta9,"(24, 12, 6)",tanh,1.0,50.28689443697216
r7,md_beta9,"(24, 12, 6)",tanh,2.0,50.14189260795248
r7,md_beta9,"(24, 12, 6)",tanh,3.0,45.34702202040065
r7,md_beta9,"(24, 12, 6)",tanh,5.0,40.21163739593505
r7,md_beta9,"(24, 12, 6)",tanh,10.0,39.27832186866881
r7,md_full11,"(8,)",tanh,0.5,30.674613110114432
r7,md_full11,"(8,)",tanh,1.0,26.915908670377984
r7,md_full11,"(8,)",tanh,2.0,25.231295574254528
r7,md_full11,"(8,)",tanh,3.0,25.2472672418265
r7,md_full11,"(8,)",tanh,5.0,26.138993175300367
r7,md_full11,"(8,)",tanh,10.0,30.701900623187065
r7,md_full11,"(12,)",tanh,0.5,33.114843419396
r7,md_full11,"(12,)",tanh,1.0,29.35719855097004
r7,md_full11,"(12,)",tanh,2.0,25.33489479048172
r7,md_full11,"(12,)",tanh,3.0,26.10908869327117
r7,md_full11,"(12,)",tanh,5.0,26.25510784587691
r7,md_full11,"(12,)",tanh,10.0,31.34863143359838
r7,md_full11,"(4, 2)",tanh,0.5,34.74141602693996
r7,md_full11,"(4, 2)",tanh,1.0,23.128835258320414
r7,md_full11,"(4, 2)",tanh,2.0,30.861961244327095
r7,md_full11,"(4, 2)",tanh,3.0,29.200764304366952
r7,md_full11,"(4, 2)",tanh,5.0,26.073341535200143
r7,md_full11,"(4, 2)",tanh,10.0,33.21068114435937
r7,md_full11,"(6, 3)",tanh,0.5,35.33678227017491
r7,md_full11,"(6, 3)",tanh,1.0,27.500466900228545
r7,md_full11,"(6, 3)",tanh,2.0,26.29376250376215
r7,md_full11,"(6, 3)",tanh,3.0,22.982383212190605
r7,md_full11,"(6, 3)",tanh,5.0,22.511389104638805
r7,md_full11,"(6, 3)",tanh,10.0,28.83464810561236
r7,md_full11,"(8, 4)",tanh,0.5,29.378406158013508
r7,md_full11,"(8, 4)",tanh,1.0,26.00072460773662
r7,md_full11,"(8, 4)",tanh,2.0,23.63907039278663
r7,md_full11,"(8, 4)",tanh,3.0,22.883995277910785
r7,md_full11,"(8, 4)",tanh,5.0,23.57432596505392
r7,md_full11,"(8, 4)",tanh,10.0,27.709758903505964
r7,md_full11,"(10, 5)",tanh,0.5,29.104521761468494
r7,md_full11,"(10, 5)",tanh,1.0,27.602401713213965
r7,md_full11,"(10, 5)",tanh,2.0,24.948281716600928
r7,md_full11,"(10, 5)",tanh,3.0,22.51374517576871
r7,md_full11,"(10, 5)",tanh,5.0,23.251171064713667
r7,md_full11,"(10, 5)",tanh,10.0,27.68578714980071
r7,md_full11,"(12, 6)",tanh,0.5,30.658379452827237
r7,md_full11,"(12, 6)",tanh,1.0,25.79939826010092
r7,md_full11,"(12, 6)",tanh,2.0,23.517752687346807
r7,md_full11,"(12, 6)",tanh,3.0,25.373655314270437
r7,md_full11,"(12, 6)",tanh,5.0,23.618406217934755
r7,md_full11,"(12, 6)",tanh,10.0,28.226124514813147
r7,md_full11,"(16, 8)",tanh,0.5,27.73701127657445
r7,md_full11,"(16, 8)",tanh,1.0,26.471192016231235
r7,md_full11,"(16, 8)",tanh,2.0,24.38197459848482
r7,md_full11,"(16, 8)",tanh,3.0,24.55873051669748
r7,md_full11,"(16, 8)",tanh,5.0,24.07567026019113
r7,md_full11,"(16, 8)",tanh,10.0,27.704174602539048
r7,md_full11,"(20, 10)",tanh,0.5,30.676053893878
r7,md_full11,"(20, 10)",tanh,1.0,26.658515320376285
r7,md_full11,"(20, 10)",tanh,2.0,24.806193361210752
r7,md_full11,"(20, 10)",tanh,3.0,26.128834257732656
r7,md_full11,"(20, 10)",tanh,5.0,24.78517021847353
r7,md_full11,"(20, 10)",tanh,10.0,27.700764789332844
r7,md_full11,"(24, 12)",tanh,0.5,29.53180365020546
r7,md_full11,"(24, 12)",tanh,1.0,26.919194371372065
r7,md_full11,"(24, 12)",tanh,2.0,24.95560977771085
r7,md_full11,"(24, 12)",tanh,3.0,23.15099953980228
r7,md_full11,"(24, 12)",tanh,5.0,22.60598043688177
r7,md_full11,"(24, 12)",tanh,10.0,27.724975691229552
r7,md_full11,"(8, 8)",tanh,0.5,31.70504193225588
r7,md_full11,"(8, 8)",tanh,1.0,27.807255656186527
r7,md_full11,"(8, 8)",tanh,2.0,24.73220992780933
r7,md_full11,"(8, 8)",tanh,3.0,25.988981379867333
r7,md_full11,"(8, 8)",tanh,5.0,24.636389594563088
r7,md_full11,"(8, 8)",tanh,10.0,27.578339999182305
r7,md_full11,"(16, 16)",tanh,0.5,29.415928506393254
r7,md_full11,"(16, 16)",tanh,1.0,28.30037465228069
r7,md_full11,"(16, 16)",tanh,2.0,26.862901916114986
r7,md_full11,"(16, 16)",tanh,3.0,25.642063330339237
r7,md_full11,"(16, 16)",tanh,5.0,24.12906834020032
r7,md_full11,"(16, 16)",tanh,10.0,27.772048430930283
r7,md_full11,"(8, 4, 2)",tanh,0.5,32.93644234961177
r7,md_full11,"(8, 4, 2)",tanh,1.0,26.65183998653153
r7,md_full11,"(8, 4, 2)",tanh,2.0,24.10176156698946
r7,md_full11,"(8, 4, 2)",tanh,3.0,22.17910172464436
r7,md_full11,"(8, 4, 2)",tanh,5.0,21.316051377390856
r7,md_full11,"(8, 4, 2)",tanh,10.0,30.86802532633098
r7,md_full11,"(12, 6, 3)",tanh,0.5,26.07152127466742
r7,md_full11,"(12, 6, 3)",tanh,1.0,27.63184146361984
r7,md_full11,"(12, 6, 3)",tanh,2.0,23.570062830221776
r7,md_full11,"(12, 6, 3)",tanh,3.0,22.40008473270821
r7,md_full11,"(12, 6, 3)",tanh,5.0,20.937642072570167
r7,md_full11,"(12, 6, 3)",tanh,10.0,28.03177497054977
r7,md_full11,"(16, 8, 4)",tanh,0.5,35.7724484297194
r7,md_full11,"(16, 8, 4)",tanh,1.0,26.865925167877368
r7,md_full11,"(16, 8, 4)",tanh,2.0,28.072622137659984
r7,md_full11,"(16, 8, 4)",tanh,3.0,21.18085733571323
r7,md_full11,"(16, 8, 4)",tanh,5.0,21.014603496081577
r7,md_full11,"(16, 8, 4)",tanh,10.0,27.070127489598605
r7,md_full11,"(24, 12, 6)",tanh,0.5,34.95912511680616
r7,md_full11,"(24, 12, 6)",tanh,1.0,27.44866472743438
r7,md_full11,"(24, 12, 6)",tanh,2.0,24.487190957965744
r7,md_full11,"(24, 12, 6)",tanh,3.0,23.248194369672767
r7,md_full11,"(24, 12, 6)",tanh,5.0,20.91972993467338
r7,md_full11,"(24, 12, 6)",tanh,10.0,26.781941508128316
r8,md_zeta9,"(8,)",tanh,0.5,27.55354311602581
r8,md_zeta9,"(8,)",tanh,1.0,29.21447839753269
r8,md_zeta9,"(8,)",tanh,2.0,27.58852025071211
r8,md_zeta9,"(8,)",tanh,3.0,27.023696000351208
r8,md_zeta9,"(8,)",tanh,5.0,28.31777882903564
r8,md_zeta9,"(8,)",tanh,10.0,33.51612429859941
r8,md_zeta9,"(12,)",tanh,0.5,28.52538514359939
r8,md_zeta9,"(12,)",tanh,1.0,26.74802894191317
r8,md_zeta9,"(12,)",tanh,2.0,27.2975599802418
r8,md_zeta9,"(12,)",tanh,3.0,27.28848242868413
r8,md_zeta9,"(12,)",tanh,5.0,28.575598004404945
r8,md_zeta9,"(12,)",tanh,10.0,33.745807486852385
r8,md_zeta9,"(4, 2)",tanh,0.5,32.78207847877494
r8,md_zeta9,"(4, 2)",tanh,1.0,30.36092199246003
r8,md_zeta9,"(4, 2)",tanh,2.0,26.113982424469405
r8,md_zeta9,"(4, 2)",tanh,3.0,26.30664983177386
r8,md_zeta9,"(4, 2)",tanh,5.0,26.820801142388795
r8,md_zeta9,"(4, 2)",tanh,10.0,30.32909650647614
r8,md_zeta9,"(6, 3)",tanh,0.5,32.29085532857512
r8,md_zeta9,"(6, 3)",tanh,1.0,28.784766262423496
r8,md_zeta9,"(6, 3)",tanh,2.0,25.910753118180416
r8,md_zeta9,"(6, 3)",tanh,3.0,25.402968937241557
r8,md_zeta9,"(6, 3)",tanh,5.0,25.76586521169721
r8,md_zeta9,"(6, 3)",tanh,10.0,30.201837694071948
r8,md_zeta9,"(8, 4)",tanh,0.5,29.154292862275717
r8,md_zeta9,"(8, 4)",tanh,1.0,28.573726241012174
r8,md_zeta9,"(8, 4)",tanh,2.0,25.995279050690453
r8,md_zeta9,"(8, 4)",tanh,3.0,26.7558797220798
r8,md_zeta9,"(8, 4)",tanh,5.0,25.859899495716636
r8,md_zeta9,"(8, 4)",tanh,10.0,30.2652819347673
r8,md_zeta9,"(10, 5)",tanh,0.5,27.515288790634525
r8,md_zeta9,"(10, 5)",tanh,1.0,26.21681810700012
r8,md_zeta9,"(10, 5)",tanh,2.0,25.883846576270408
r8,md_zeta9,"(10, 5)",tanh,3.0,25.383702816540055
r8,md_zeta9,"(10, 5)",tanh,5.0,25.230058361785545
r8,md_zeta9,"(10, 5)",tanh,10.0,29.89914612989425
r8,md_zeta9,"(12, 6)",tanh,0.5,26.51439877250056
r8,md_zeta9,"(12, 6)",tanh,1.0,25.31334589302244
r8,md_zeta9,"(12, 6)",tanh,2.0,26.21552643990328
r8,md_zeta9,"(12, 6)",tanh,3.0,26.11904261413472
r8,md_zeta9,"(12, 6)",tanh,5.0,25.85062406511796
r8,md_zeta9,"(12, 6)",tanh,10.0,29.867212116812937
r8,md_zeta9,"(16, 8)",tanh,0.5,27.492434912184883
r8,md_zeta9,"(16, 8)",tanh,1.0,26.481377520835263
r8,md_zeta9,"(16, 8)",tanh,2.0,25.45981931289791
r8,md_zeta9,"(16, 8)",tanh,3.0,26.43125783217408
r8,md_zeta9,"(16, 8)",tanh,5.0,25.626454045817503
r8,md_zeta9,"(16, 8)",tanh,10.0,29.448052536012817
r8,md_zeta9,"(20, 10)",tanh,0.5,26.9087857665406
r8,md_zeta9,"(20, 10)",tanh,1.0,25.864995374702083
r8,md_zeta9,"(20, 10)",tanh,2.0,28.160185721541666
r8,md_zeta9,"(20, 10)",tanh,3.0,27.53688371727532
r8,md_zeta9,"(20, 10)",tanh,5.0,27.339470836594764
r8,md_zeta9,"(20, 10)",tanh,10.0,29.438931065689275
r8,md_zeta9,"(24, 12)",tanh,0.5,30.78996843165111
r8,md_zeta9,"(24, 12)",tanh,1.0,28.83675942014471
r8,md_zeta9,"(24, 12)",tanh,2.0,27.67832867034475
r8,md_zeta9,"(24, 12)",tanh,3.0,26.467918416330537
r8,md_zeta9,"(24, 12)",tanh,5.0,26.9461301286788
r8,md_zeta9,"(24, 12)",tanh,10.0,29.888838395775924
r8,md_zeta9,"(8, 8)",tanh,0.5,29.47174040941759
r8,md_zeta9,"(8, 8)",tanh,1.0,31.80300369015731
r8,md_zeta9,"(8, 8)",tanh,2.0,29.74516539188552
r8,md_zeta9,"(8, 8)",tanh,3.0,26.29208640143405
r8,md_zeta9,"(8, 8)",tanh,5.0,26.278289267661155
r8,md_zeta9,"(8, 8)",tanh,10.0,29.27305755688995
r8,md_zeta9,"(16, 16)",tanh,0.5,31.25655017224057
r8,md_zeta9,"(16, 16)",tanh,1.0,25.696910599210003
r8,md_zeta9,"(16, 16)",tanh,2.0,26.07961436565173
r8,md_zeta9,"(16, 16)",tanh,3.0,26.04137618435393
r8,md_zeta9,"(16, 16)",tanh,5.0,26.501989614990883
r8,md_zeta9,"(16, 16)",tanh,10.0,30.094565078096757
r8,md_zeta9,"(8, 4, 2)",tanh,0.5,32.806470420718526
r8,md_zeta9,"(8, 4, 2)",tanh,1.0,26.980976688863556
r8,md_zeta9,"(8, 4, 2)",tanh,2.0,23.6238290532546
r8,md_zeta9,"(8, 4, 2)",tanh,3.0,25.18591212513212
r8,md_zeta9,"(8, 4, 2)",tanh,5.0,24.837413140908176
r8,md_zeta9,"(8, 4, 2)",tanh,10.0,28.84553890929125
r8,md_zeta9,"(12, 6, 3)",tanh,0.5,29.192116668171398
r8,md_zeta9,"(12, 6, 3)",tanh,1.0,26.90642964225268
r8,md_zeta9,"(12, 6, 3)",tanh,2.0,23.256253549387093
r8,md_zeta9,"(12, 6, 3)",tanh,3.0,24.67534278854736
r8,md_zeta9,"(12, 6, 3)",tanh,5.0,27.36878179489448
r8,md_zeta9,"(12, 6, 3)",tanh,10.0,28.785932320932385
r8,md_zeta9,"(16, 8, 4)",tanh,0.5,27.91629639112928
r8,md_zeta9,"(16, 8, 4)",tanh,1.0,26.913326764026955
r8,md_zeta9,"(16, 8, 4)",tanh,2.0,24.50876435290927
r8,md_zeta9,"(16, 8, 4)",tanh,3.0,23.878496569541
r8,md_zeta9,"(16, 8, 4)",tanh,5.0,24.502712745392245
r8,md_zeta9,"(16, 8, 4)",tanh,10.0,29.31898363351591
r8,md_zeta9,"(24, 12, 6)",tanh,0.5,31.0635239291316
r8,md_zeta9,"(24, 12, 6)",tanh,1.0,27.48461106942152
r8,md_zeta9,"(24, 12, 6)",tanh,2.0,26.267032954988338
r8,md_zeta9,"(24, 12, 6)",tanh,3.0,24.16469449760041
r8,md_zeta9,"(24, 12, 6)",tanh,5.0,25.994592184845068
r8,md_zeta9,"(24, 12, 6)",tanh,10.0,28.681864398578984
r8,md_beta9,"(8,)",tanh,0.5,53.44601961740186
r8,md_beta9,"(8,)",tanh,1.0,49.82161939686945
r8,md_beta9,"(8,)",tanh,2.0,43.10107196486816
r8,md_beta9,"(8,)",tanh,3.0,41.6095363089958
r8,md_beta9,"(8,)",tanh,5.0,37.33418471742257
r8,md_beta9,"(8,)",tanh,10.0,39.38795156908344
r8,md_beta9,"(12,)",tanh,0.5,50.50640000285894
r8,md_beta9,"(12,)",tanh,1.0,47.45077586569961
r8,md_beta9,"(12,)",tanh,2.0,42.85504808362735
r8,md_beta9,"(12,)",tanh,3.0,38.984429005664325
r8,md_beta9,"(12,)",tanh,5.0,37.52801972950397
r8,md_beta9,"(12,)",tanh,10.0,39.465593227564646
r8,md_beta9,"(4, 2)",tanh,0.5,40.54093027327117
r8,md_beta9,"(4, 2)",tanh,1.0,38.163191954837735
r8,md_beta9,"(4, 2)",tanh,2.0,39.0583160366124
r8,md_beta9,"(4, 2)",tanh,3.0,39.24350319959336
r8,md_beta9,"(4, 2)",tanh,5.0,38.51781522286649
r8,md_beta9,"(4, 2)",tanh,10.0,38.43768278751274
r8,md_beta9,"(6, 3)",tanh,0.5,57.43429087705511
r8,md_beta9,"(6, 3)",tanh,1.0,51.30538031743559
r8,md_beta9,"(6, 3)",tanh,2.0,47.608908632187706
r8,md_beta9,"(6, 3)",tanh,3.0,40.02993340135063
r8,md_beta9,"(6, 3)",tanh,5.0,38.851681213776246
r8,md_beta9,"(6, 3)",tanh,10.0,39.42644200933288
r8,md_beta9,"(8, 4)",tanh,0.5,58.65213892649829
r8,md_beta9,"(8, 4)",tanh,1.0,45.07802250010937
r8,md_beta9,"(8, 4)",tanh,2.0,45.57386459104104
r8,md_beta9,"(8, 4)",tanh,3.0,42.831889414905255
r8,md_beta9,"(8, 4)",tanh,5.0,39.60168338034638
r8,md_beta9,"(8, 4)",tanh,10.0,37.79538410973173
r8,md_beta9,"(10, 5)",tanh,0.5,53.92099031667173
r8,md_beta9,"(10, 5)",tanh,1.0,58.80372373973535
r8,md_beta9,"(10, 5)",tanh,2.0,50.844358407077856
r8,md_beta9,"(10, 5)",tanh,3.0,40.70154520589234
r8,md_beta9,"(10, 5)",tanh,5.0,39.031356283034725
r8,md_beta9,"(10, 5)",tanh,10.0,37.30343053909229
r8,md_beta9,"(12, 6)",tanh,0.5,60.59431201304932
r8,md_beta9,"(12, 6)",tanh,1.0,55.95871535965682
r8,md_beta9,"(12, 6)",tanh,2.0,50.29264310170989
r8,md_beta9,"(12, 6)",tanh,3.0,45.0409072977367
r8,md_beta9,"(12, 6)",tanh,5.0,41.3004876679151
r8,md_beta9,"(12, 6)",tanh,10.0,37.32469303349069
r8,md_beta9,"(16, 8)",tanh,0.5,58.05880392752304
r8,md_beta9,"(16, 8)",tanh,1.0,61.67058036421645
r8,md_beta9,"(16, 8)",tanh,2.0,53.54457139313131
r8,md_beta9,"(16, 8)",tanh,3.0,44.237537107406965
r8,md_beta9,"(16, 8)",tanh,5.0,41.41157294021647
r8,md_beta9,"(16, 8)",tanh,10.0,37.12661556922851
r8,md_beta9,"(20, 10)",tanh,0.5,61.31046528417996
r8,md_beta9,"(20, 10)",tanh,1.0,58.25652184169987
r8,md_beta9,"(20, 10)",tanh,2.0,53.73006392373876
r8,md_beta9,"(20, 10)",tanh,3.0,44.2227994287059
r8,md_beta9,"(20, 10)",tanh,5.0,40.793525453369455
r8,md_beta9,"(20, 10)",tanh,10.0,36.944715966147584
r8,md_beta9,"(24, 12)",tanh,0.5,63.77439430664091
r8,md_beta9,"(24, 12)",tanh,1.0,57.06501542715949
r8,md_beta9,"(24, 12)",tanh,2.0,52.74075652555913
r8,md_beta9,"(24, 12)",tanh,3.0,47.03305825755817
r8,md_beta9,"(24, 12)",tanh,5.0,41.29934655008445
r8,md_beta9,"(24, 12)",tanh,10.0,37.89140215088638
r8,md_beta9,"(8, 8)",tanh,0.5,54.85556735008849
r8,md_beta9,"(8, 8)",tanh,1.0,61.36831064470484
r8,md_beta9,"(8, 8)",tanh,2.0,49.03270701965088
r8,md_beta9,"(8, 8)",tanh,3.0,42.2369705054115
r8,md_beta9,"(8, 8)",tanh,5.0,40.27765661197792
r8,md_beta9,"(8, 8)",tanh,10.0,37.47438489742539
r8,md_beta9,"(16, 16)",tanh,0.5,58.8145871610328
r8,md_beta9,"(16, 16)",tanh,1.0,56.62492720591488
r8,md_beta9,"(16, 16)",tanh,2.0,49.75935356179704
r8,md_beta9,"(16, 16)",tanh,3.0,45.62034677358515
r8,md_beta9,"(16, 16)",tanh,5.0,41.44928126519898
r8,md_beta9,"(16, 16)",tanh,10.0,37.13921884783405
r8,md_beta9,"(8, 4, 2)",tanh,0.5,52.84284899020362
r8,md_beta9,"(8, 4, 2)",tanh,1.0,50.40809692122353
r8,md_beta9,"(8, 4, 2)",tanh,2.0,46.74771348824898
r8,md_beta9,"(8, 4, 2)",tanh,3.0,41.05724145152065
r8,md_beta9,"(8, 4, 2)",tanh,5.0,39.17245659483952
r8,md_beta9,"(8, 4, 2)",tanh,10.0,37.11932505213253
r8,md_beta9,"(12, 6, 3)",tanh,0.5,60.21939272601217
r8,md_beta9,"(12, 6, 3)",tanh,1.0,55.30758597447782
r8,md_beta9,"(12, 6, 3)",tanh,2.0,48.517537539119225
r8,md_beta9,"(12, 6, 3)",tanh,3.0,43.79726725653386
r8,md_beta9,"(12, 6, 3)",tanh,5.0,39.934475431887904
r8,md_beta9,"(12, 6, 3)",tanh,10.0,37.64032255201008
r8,md_beta9,"(16, 8, 4)",tanh,0.5,62.8353220532313
r8,md_beta9,"(16, 8, 4)",tanh,1.0,56.085053222653286
r8,md_beta9,"(16, 8, 4)",tanh,2.0,51.925341966901534
r8,md_beta9,"(16, 8, 4)",tanh,3.0,45.7931111452549
r8,md_beta9,"(16, 8, 4)",tanh,5.0,40.93993359630783
r8,md_beta9,"(16, 8, 4)",tanh,10.0,37.12425385465235
r8,md_beta9,"(24, 12, 6)",tanh,0.5,59.66085654228389
r8,md_beta9,"(24, 12, 6)",tanh,1.0,58.89838797391144
r8,md_beta9,"(24, 12, 6)",tanh,2.0,56.91603156591314
r8,md_beta9,"(24, 12, 6)",tanh,3.0,47.65222170154045
r8,md_beta9,"(24, 12, 6)",tanh,5.0,39.46521785759969
r8,md_beta9,"(24, 12, 6)",tanh,10.0,37.081921654866086
r8,md_full11,"(8,)",tanh,0.5,29.853578774120628
r8,md_full11,"(8,)",tanh,1.0,27.111893592175136
r8,md_full11,"(8,)",tanh,2.0,24.31101522267017
r8,md_full11,"(8,)",tanh,3.0,25.014769587723865
r8,md_full11,"(8,)",tanh,5.0,27.014754220074813
r8,md_full11,"(8,)",tanh,10.0,30.71101592471291
r8,md_full11,"(12,)",tanh,0.5,32.02911173149492
r8,md_full11,"(12,)",tanh,1.0,29.62227891439004
r8,md_full11,"(12,)",tanh,2.0,25.65872439073322
r8,md_full11,"(12,)",tanh,3.0,25.189929052612197
r8,md_full11,"(12,)",tanh,5.0,26.55191864965509
r8,md_full11,"(12,)",tanh,10.0,30.99192542291121
r8,md_full11,"(4, 2)",tanh,0.5,28.7549122008991
r8,md_full11,"(4, 2)",tanh,1.0,30.735173088105583
r8,md_full11,"(4, 2)",tanh,2.0,28.874960517746796
r8,md_full11,"(4, 2)",tanh,3.0,27.102751205979416
r8,md_full11,"(4, 2)",tanh,5.0,26.51093627333648
r8,md_full11,"(4, 2)",tanh,10.0,30.92861276530357
r8,md_full11,"(6, 3)",tanh,0.5,32.13961334449534
r8,md_full11,"(6, 3)",tanh,1.0,30.470448161085688
r8,md_full11,"(6, 3)",tanh,2.0,26.449414734723213
r8,md_full11,"(6, 3)",tanh,3.0,23.03696823821107
r8,md_full11,"(6, 3)",tanh,5.0,23.99574725911357
r8,md_full11,"(6, 3)",tanh,10.0,30.0268540418406
r8,md_full11,"(8, 4)",tanh,0.5,37.98268803794937
r8,md_full11,"(8, 4)",tanh,1.0,33.26140206911605
r8,md_full11,"(8, 4)",tanh,2.0,29.4315674983388
r8,md_full11,"(8, 4)",tanh,3.0,25.550037522209838
r8,md_full11,"(8, 4)",tanh,5.0,24.51076278156481
r8,md_full11,"(8, 4)",tanh,10.0,28.644447196719103
r8,md_full11,"(10, 5)",tanh,0.5,38.08294090394328
r8,md_full11,"(10, 5)",tanh,1.0,31.08375344852661
r8,md_full11,"(10, 5)",tanh,2.0,29.194242905215837
r8,md_full11,"(10, 5)",tanh,3.0,26.193914658713048
r8,md_full11,"(10, 5)",tanh,5.0,25.36436353526269
r8,md_full11,"(10, 5)",tanh,10.0,28.64198129468441
r8,md_full11,"(12, 6)",tanh,0.5,37.84087453379471
r8,md_full11,"(12, 6)",tanh,1.0,34.87236846994979
r8,md_full11,"(12, 6)",tanh,2.0,28.806194019990077
r8,md_full11,"(12, 6)",tanh,3.0,26.397936745844152
r8,md_full11,"(12, 6)",tanh,5.0,26.29959112167191
r8,md_full11,"(12, 6)",tanh,10.0,28.245803649989405
r8,md_full11,"(16, 8)",tanh,0.5,35.58482711916064
r8,md_full11,"(16, 8)",tanh,1.0,38.78079497969771
r8,md_full11,"(16, 8)",tanh,2.0,29.5406221134008
r8,md_full11,"(16, 8)",tanh,3.0,28.246563125779343
r8,md_full11,"(16, 8)",tanh,5.0,26.90649294130996
r8,md_full11,"(16, 8)",tanh,10.0,28.2409409404328
r8,md_full11,"(20, 10)",tanh,0.5,34.56435604974276
r8,md_full11,"(20, 10)",tanh,1.0,35.253398460347455
r8,md_full11,"(20, 10)",tanh,2.0,29.510303299806942
r8,md_full11,"(20, 10)",tanh,3.0,27.27420306301885
r8,md_full11,"(20, 10)",tanh,5.0,24.45236128396767
r8,md_full11,"(20, 10)",tanh,10.0,28.0003259751403
r8,md_full11,"(24, 12)",tanh,0.5,30.067975363144438
r8,md_full11,"(24, 12)",tanh,1.0,30.62852783863577
r8,md_full11,"(24, 12)",tanh,2.0,30.99058113981897
r8,md_full11,"(24, 12)",tanh,3.0,27.579003562290545
r8,md_full11,"(24, 12)",tanh,5.0,26.70982180801015
r8,md_full11,"(24, 12)",tanh,10.0,28.217634933135777
r8,md_full11,"(8, 8)",tanh,0.5,37.01543073750513
r8,md_full11,"(8, 8)",tanh,1.0,30.473081205536648
r8,md_full11,"(8, 8)",tanh,2.0,29.707155358300383
r8,md_full11,"(8, 8)",tanh,3.0,27.70248050854989
r8,md_full11,"(8, 8)",tanh,5.0,25.870428813787363
r8,md_full11,"(8, 8)",tanh,10.0,28.24509102853625
r8,md_full11,"(16, 16)",tanh,0.5,34.17776173772775
r8,md_full11,"(16, 16)",tanh,1.0,31.607927280760844
r8,md_full11,"(16, 16)",tanh,2.0,28.989648515320077
r8,md_full11,"(16, 16)",tanh,3.0,28.243543843576752
r8,md_full11,"(16, 16)",tanh,5.0,24.290875709448702
r8,md_full11,"(16, 16)",tanh,10.0,28.516194053790265
r8,md_full11,"(8, 4, 2)",tanh,0.5,38.47919601201226
r8,md_full11,"(8, 4, 2)",tanh,1.0,35.158700105148945
r8,md_full11,"(8, 4, 2)",tanh,2.0,30.283303484976862
r8,md_full11,"(8, 4, 2)",tanh,3.0,26.559946699898045
r8,md_full11,"(8, 4, 2)",tanh,5.0,27.826598762750752
r8,md_full11,"(8, 4, 2)",tanh,10.0,30.47334185068705
r8,md_full11,"(12, 6, 3)",tanh,0.5,36.47552807657912
r8,md_full11,"(12, 6, 3)",tanh,1.0,32.17985697637189
r8,md_full11,"(12, 6, 3)",tanh,2.0,32.37597730167672
r8,md_full11,"(12, 6, 3)",tanh,3.0,27.83588334615059
r8,md_full11,"(12, 6, 3)",tanh,5.0,26.04718811288412
r8,md_full11,"(12, 6, 3)",tanh,10.0,28.464572861984248
r8,md_full11,"(16, 8, 4)",tanh,0.5,38.14538342296787
r8,md_full11,"(16, 8, 4)",tanh,1.0,34.921016563478766
r8,md_full11,"(16, 8, 4)",tanh,2.0,29.98184108217106
r8,md_full11,"(16, 8, 4)",tanh,3.0,26.19907116558453
r8,md_full11,"(16, 8, 4)",tanh,5.0,23.00646616965309
r8,md_full11,"(16, 8, 4)",tanh,10.0,31.048682935019087
r8,md_full11,"(24, 12, 6)",tanh,0.5,38.27234797867364
r8,md_full11,"(24, 12, 6)",tanh,1.0,33.14628299539068
r8,md_full11,"(24, 12, 6)",tanh,2.0,30.17816769151936
r8,md_full11,"(24, 12, 6)",tanh,3.0,28.267781684181895
r8,md_full11,"(24, 12, 6)",tanh,5.0,27.051519665073577
r8,md_full11,"(24, 12, 6)",tanh,10.0,28.79619435073414
r9,md_zeta9,"(8,)",tanh,0.5,32.25724753695319
r9,md_zeta9,"(8,)",tanh,1.0,29.19264679611706
r9,md_zeta9,"(8,)",tanh,2.0,29.70675317944055
r9,md_zeta9,"(8,)",tanh,3.0,28.54152025668132
r9,md_zeta9,"(8,)",tanh,5.0,30.398504186675456
r9,md_zeta9,"(8,)",tanh,10.0,35.28163974983736
r9,md_zeta9,"(12,)",tanh,0.5,27.161089256230944
r9,md_zeta9,"(12,)",tanh,1.0,29.233361830934346
r9,md_zeta9,"(12,)",tanh,2.0,29.31687965854382
r9,md_zeta9,"(12,)",tanh,3.0,29.388624353779157
r9,md_zeta9,"(12,)",tanh,5.0,30.116006261593576
r9,md_zeta9,"(12,)",tanh,10.0,35.578420289757574
r9,md_zeta9,"(4, 2)",tanh,0.5,34.634164534410374
r9,md_zeta9,"(4, 2)",tanh,1.0,28.44509148547583
r9,md_zeta9,"(4, 2)",tanh,2.0,27.028649825214547
r9,md_zeta9,"(4, 2)",tanh,3.0,26.608154999960004
r9,md_zeta9,"(4, 2)",tanh,5.0,29.682948747649483
r9,md_zeta9,"(4, 2)",tanh,10.0,33.340977605055805
r9,md_zeta9,"(6, 3)",tanh,0.5,27.3603931629277
r9,md_zeta9,"(6, 3)",tanh,1.0,27.34066942243488
r9,md_zeta9,"(6, 3)",tanh,2.0,29.32924654177977
r9,md_zeta9,"(6, 3)",tanh,3.0,27.320768290067782
r9,md_zeta9,"(6, 3)",tanh,5.0,28.53850818261672
r9,md_zeta9,"(6, 3)",tanh,10.0,32.49336656116166
r9,md_zeta9,"(8, 4)",tanh,0.5,28.91848182388057
r9,md_zeta9,"(8, 4)",tanh,1.0,29.836040937820023
r9,md_zeta9,"(8, 4)",tanh,2.0,30.20685167254717
r9,md_zeta9,"(8, 4)",tanh,3.0,28.53986085700809
r9,md_zeta9,"(8, 4)",tanh,5.0,28.573442945933447
r9,md_zeta9,"(8, 4)",tanh,10.0,32.15741617590679
r9,md_zeta9,"(10, 5)",tanh,0.5,28.24987708448861
r9,md_zeta9,"(10, 5)",tanh,1.0,27.668146698503943
r9,md_zeta9,"(10, 5)",tanh,2.0,28.3272280178552
r9,md_zeta9,"(10, 5)",tanh,3.0,27.844768018861725
r9,md_zeta9,"(10, 5)",tanh,5.0,28.245275480621068
r9,md_zeta9,"(10, 5)",tanh,10.0,32.51621135738391
r9,md_zeta9,"(12, 6)",tanh,0.5,28.913490795143456
r9,md_zeta9,"(12, 6)",tanh,1.0,29.45627077923704
r9,md_zeta9,"(12, 6)",tanh,2.0,29.068085665701823
r9,md_zeta9,"(12, 6)",tanh,3.0,28.280900180257937
r9,md_zeta9,"(12, 6)",tanh,5.0,28.32463205207997
r9,md_zeta9,"(12, 6)",tanh,10.0,31.8251050319807
r9,md_zeta9,"(16, 8)",tanh,0.5,31.55058513468282
r9,md_zeta9,"(16, 8)",tanh,1.0,30.336132090465675
r9,md_zeta9,"(16, 8)",tanh,2.0,31.371717265818734
r9,md_zeta9,"(16, 8)",tanh,3.0,29.98528514145395
r9,md_zeta9,"(16, 8)",tanh,5.0,29.08319727922161
r9,md_zeta9,"(16, 8)",tanh,10.0,31.89170628936196
r9,md_zeta9,"(20, 10)",tanh,0.5,28.503006398672976
r9,md_zeta9,"(20, 10)",tanh,1.0,29.497023725212067
r9,md_zeta9,"(20, 10)",tanh,2.0,29.68543143758344
r9,md_zeta9,"(20, 10)",tanh,3.0,28.86967345701684
r9,md_zeta9,"(20, 10)",tanh,5.0,29.209113705363094
r9,md_zeta9,"(20, 10)",tanh,10.0,31.95562240255061
r9,md_zeta9,"(24, 12)",tanh,0.5,30.572382806507232
r9,md_zeta9,"(24, 12)",tanh,1.0,27.642560564482583
r9,md_zeta9,"(24, 12)",tanh,2.0,31.066439876737427
r9,md_zeta9,"(24, 12)",tanh,3.0,30.738862111807062
r9,md_zeta9,"(24, 12)",tanh,5.0,29.01891084726742
r9,md_zeta9,"(24, 12)",tanh,10.0,31.999918870779403
r9,md_zeta9,"(8, 8)",tanh,0.5,36.40314347940697
r9,md_zeta9,"(8, 8)",tanh,1.0,33.80957758619478
r9,md_zeta9,"(8, 8)",tanh,2.0,30.442689651197007
r9,md_zeta9,"(8, 8)",tanh,3.0,28.38257237717761
r9,md_zeta9,"(8, 8)",tanh,5.0,29.64265645766655
r9,md_zeta9,"(8, 8)",tanh,10.0,31.78110276438498
r9,md_zeta9,"(16, 16)",tanh,0.5,29.49775384491352
r9,md_zeta9,"(16, 16)",tanh,1.0,27.631425472068447
r9,md_zeta9,"(16, 16)",tanh,2.0,29.868750101846057
r9,md_zeta9,"(16, 16)",tanh,3.0,28.98480208556092
r9,md_zeta9,"(16, 16)",tanh,5.0,30.07595231494628
r9,md_zeta9,"(16, 16)",tanh,10.0,31.887479329806126
r9,md_zeta9,"(8, 4, 2)",tanh,0.5,38.30759345878042
r9,md_zeta9,"(8, 4, 2)",tanh,1.0,33.181509013152734
r9,md_zeta9,"(8, 4, 2)",tanh,2.0,25.96716572004641
r9,md_zeta9,"(8, 4, 2)",tanh,3.0,24.020124930503837
r9,md_zeta9,"(8, 4, 2)",tanh,5.0,27.13003329420592
r9,md_zeta9,"(8, 4, 2)",tanh,10.0,30.419847119607347
r9,md_zeta9,"(12, 6, 3)",tanh,0.5,28.00280663461376
r9,md_zeta9,"(12, 6, 3)",tanh,1.0,28.073944362209488
r9,md_zeta9,"(12, 6, 3)",tanh,2.0,25.006616976730843
r9,md_zeta9,"(12, 6, 3)",tanh,3.0,25.61636301600976
r9,md_zeta9,"(12, 6, 3)",tanh,5.0,30.584548347330365
r9,md_zeta9,"(12, 6, 3)",tanh,10.0,31.38989950519534
r9,md_zeta9,"(16, 8, 4)",tanh,0.5,31.191883862655608
r9,md_zeta9,"(16, 8, 4)",tanh,1.0,30.051300421088182
r9,md_zeta9,"(16, 8, 4)",tanh,2.0,26.05800150319318
r9,md_zeta9,"(16, 8, 4)",tanh,3.0,26.080657453098546
r9,md_zeta9,"(16, 8, 4)",tanh,5.0,27.668669378480324
r9,md_zeta9,"(16, 8, 4)",tanh,10.0,30.71534327343264
r9,md_zeta9,"(24, 12, 6)",tanh,0.5,30.00446817759219
r9,md_zeta9,"(24, 12, 6)",tanh,1.0,30.05537348646948
r9,md_zeta9,"(24, 12, 6)",tanh,2.0,27.4135910633404
r9,md_zeta9,"(24, 12, 6)",tanh,3.0,26.899791884390595
r9,md_zeta9,"(24, 12, 6)",tanh,5.0,28.04240807460192
r9,md_zeta9,"(24, 12, 6)",tanh,10.0,30.25186168077887
r9,md_beta9,"(8,)",tanh,0.5,49.46689384141744
r9,md_beta9,"(8,)",tanh,1.0,49.69146750486453
r9,md_beta9,"(8,)",tanh,2.0,42.41583051428064
r9,md_beta9,"(8,)",tanh,3.0,41.59582618195783
r9,md_beta9,"(8,)",tanh,5.0,38.13823036052125
r9,md_beta9,"(8,)",tanh,10.0,39.20363066274696
r9,md_beta9,"(12,)",tanh,0.5,49.489812607920726
r9,md_beta9,"(12,)",tanh,1.0,46.16704183439165
r9,md_beta9,"(12,)",tanh,2.0,42.542522327350376
r9,md_beta9,"(12,)",tanh,3.0,39.49855842457176
r9,md_beta9,"(12,)",tanh,5.0,39.11265417522858
r9,md_beta9,"(12,)",tanh,10.0,39.32866107564838
r9,md_beta9,"(4, 2)",tanh,0.5,42.61604375483033
r9,md_beta9,"(4, 2)",tanh,1.0,40.20485916327264
r9,md_beta9,"(4, 2)",tanh,2.0,36.88642148633888
r9,md_beta9,"(4, 2)",tanh,3.0,38.16654185606616
r9,md_beta9,"(4, 2)",tanh,5.0,36.78944562810099
r9,md_beta9,"(4, 2)",tanh,10.0,38.740435596899474
r9,md_beta9,"(6, 3)",tanh,0.5,52.95798243163375
r9,md_beta9,"(6, 3)",tanh,1.0,45.977350628191616
r9,md_beta9,"(6, 3)",tanh,2.0,45.12296150402776
r9,md_beta9,"(6, 3)",tanh,3.0,38.61578917946783
r9,md_beta9,"(6, 3)",tanh,5.0,38.89885808761515
r9,md_beta9,"(6, 3)",tanh,10.0,39.51969342926615
r9,md_beta9,"(8, 4)",tanh,0.5,58.10200875507708
r9,md_beta9,"(8, 4)",tanh,1.0,53.05255273925877
r9,md_beta9,"(8, 4)",tanh,2.0,50.462494593472215
r9,md_beta9,"(8, 4)",tanh,3.0,42.01562094676784
r9,md_beta9,"(8, 4)",tanh,5.0,40.84953582254801
r9,md_beta9,"(8, 4)",tanh,10.0,38.64996796109646
r9,md_beta9,"(10, 5)",tanh,0.5,60.11872407812702
r9,md_beta9,"(10, 5)",tanh,1.0,55.58409361982139
r9,md_beta9,"(10, 5)",tanh,2.0,49.09262120802826
r9,md_beta9,"(10, 5)",tanh,3.0,43.494840503189145
r9,md_beta9,"(10, 5)",tanh,5.0,40.0911239138196
r9,md_beta9,"(10, 5)",tanh,10.0,38.55692073191975
r9,md_beta9,"(12, 6)",tanh,0.5,56.04888583637826
r9,md_beta9,"(12, 6)",tanh,1.0,49.95433665263669
r9,md_beta9,"(12, 6)",tanh,2.0,45.79354037943034
r9,md_beta9,"(12, 6)",tanh,3.0,42.91396558151519
r9,md_beta9,"(12, 6)",tanh,5.0,40.569144715778535
r9,md_beta9,"(12, 6)",tanh,10.0,38.74959598821731
r9,md_beta9,"(16, 8)",tanh,0.5,55.60365540295216
r9,md_beta9,"(16, 8)",tanh,1.0,61.85159298036368
r9,md_beta9,"(16, 8)",tanh,2.0,50.29063756267308
r9,md_beta9,"(16, 8)",tanh,3.0,43.78260845394941
r9,md_beta9,"(16, 8)",tanh,5.0,42.28408851633635
r9,md_beta9,"(16, 8)",tanh,10.0,38.94879270323322
r9,md_beta9,"(20, 10)",tanh,0.5,60.83009345095877
r9,md_beta9,"(20, 10)",tanh,1.0,62.044867263567866
r9,md_beta9,"(20, 10)",tanh,2.0,55.3279946690649
r9,md_beta9,"(20, 10)",tanh,3.0,45.54175826809243
r9,md_beta9,"(20, 10)",tanh,5.0,42.9575932616777
r9,md_beta9,"(20, 10)",tanh,10.0,38.69353427957035
r9,md_beta9,"(24, 12)",tanh,0.5,60.603372114331954
r9,md_beta9,"(24, 12)",tanh,1.0,55.470903746715294
r9,md_beta9,"(24, 12)",tanh,2.0,51.98709932258862
r9,md_beta9,"(24, 12)",tanh,3.0,42.53051815513204
r9,md_beta9,"(24, 12)",tanh,5.0,42.613863563608845
r9,md_beta9,"(24, 12)",tanh,10.0,38.69721509830183
r9,md_beta9,"(8, 8)",tanh,0.5,51.88593483860389
r9,md_beta9,"(8, 8)",tanh,1.0,56.10056433863697
r9,md_beta9,"(8, 8)",tanh,2.0,47.37308252569828
r9,md_beta9,"(8, 8)",tanh,3.0,42.4562005126942
r9,md_beta9,"(8, 8)",tanh,5.0,40.418525322607024
r9,md_beta9,"(8, 8)",tanh,10.0,38.65161607229267
r9,md_beta9,"(16, 16)",tanh,0.5,52.571515138781535
r9,md_beta9,"(16, 16)",tanh,1.0,55.96085292868098
r9,md_beta9,"(16, 16)",tanh,2.0,51.46605561235504
r9,md_beta9,"(16, 16)",tanh,3.0,45.89842316956538
r9,md_beta9,"(16, 16)",tanh,5.0,43.329344785922025
r9,md_beta9,"(16, 16)",tanh,10.0,38.59421977469712
r9,md_beta9,"(8, 4, 2)",tanh,0.5,55.29933812451088
r9,md_beta9,"(8, 4, 2)",tanh,1.0,56.91223396617092
r9,md_beta9,"(8, 4, 2)",tanh,2.0,48.915788410781445
r9,md_beta9,"(8, 4, 2)",tanh,3.0,39.649300989633545
r9,md_beta9,"(8, 4, 2)",tanh,5.0,41.14149193830882
r9,md_beta9,"(8, 4, 2)",tanh,10.0,39.12562916901262
r9,md_beta9,"(12, 6, 3)",tanh,0.5,53.21522904935421
r9,md_beta9,"(12, 6, 3)",tanh,1.0,61.27551891542026
r9,md_beta9,"(12, 6, 3)",tanh,2.0,52.40604413511684
r9,md_beta9,"(12, 6, 3)",tanh,3.0,43.22079283831813
r9,md_beta9,"(12, 6, 3)",tanh,5.0,38.93478951420214
r9,md_beta9,"(12, 6, 3)",tanh,10.0,39.40272916405115
r9,md_beta9,"(16, 8, 4)",tanh,0.5,54.9668348097922
r9,md_beta9,"(16, 8, 4)",tanh,1.0,59.34996677076841
r9,md_beta9,"(16, 8, 4)",tanh,2.0,50.0389000806412
r9,md_beta9,"(16, 8, 4)",tanh,3.0,46.13748024843061
r9,md_beta9,"(16, 8, 4)",tanh,5.0,38.60485446363244
r9,md_beta9,"(16, 8, 4)",tanh,10.0,38.35181112363144
r9,md_beta9,"(24, 12, 6)",tanh,0.5,59.76181861553444
r9,md_beta9,"(24, 12, 6)",tanh,1.0,52.25383415139661
r9,md_beta9,"(24, 12, 6)",tanh,2.0,52.579322664261326
r9,md_beta9,"(24, 12, 6)",tanh,3.0,45.7860610963141
r9,md_beta9,"(24, 12, 6)",tanh,5.0,39.44292915529641
r9,md_beta9,"(24, 12, 6)",tanh,10.0,38.61044881998042
r9,md_full11,"(8,)",tanh,0.5,35.45167877160036
r9,md_full11,"(8,)",tanh,1.0,30.90136262500956
r9,md_full11,"(8,)",tanh,2.0,27.8344775756892
r9,md_full11,"(8,)",tanh,3.0,27.783203758868563
r9,md_full11,"(8,)",tanh,5.0,28.14987056378025
r9,md_full11,"(8,)",tanh,10.0,31.518613924940105
r9,md_full11,"(12,)",tanh,0.5,33.803392639558574
r9,md_full11,"(12,)",tanh,1.0,29.951990326338723
r9,md_full11,"(12,)",tanh,2.0,27.81327648949353
r9,md_full11,"(12,)",tanh,3.0,27.220051882097103
r9,md_full11,"(12,)",tanh,5.0,27.920017198051383
r9,md_full11,"(12,)",tanh,10.0,31.69651262643477
r9,md_full11,"(4, 2)",tanh,0.5,35.828771201154176
r9,md_full11,"(4, 2)",tanh,1.0,32.480871350369696
r9,md_full11,"(4, 2)",tanh,2.0,31.407516154276983
r9,md_full11,"(4, 2)",tanh,3.0,24.799311701294457
r9,md_full11,"(4, 2)",tanh,5.0,26.11308072955276
r9,md_full11,"(4, 2)",tanh,10.0,32.40439841974295
r9,md_full11,"(6, 3)",tanh,0.5,41.09177048896488
r9,md_full11,"(6, 3)",tanh,1.0,38.13522113858312
r9,md_full11,"(6, 3)",tanh,2.0,28.831619562275574
r9,md_full11,"(6, 3)",tanh,3.0,25.780554610611745
r9,md_full11,"(6, 3)",tanh,5.0,25.04294788635674
r9,md_full11,"(6, 3)",tanh,10.0,31.184131218555773
r9,md_full11,"(8, 4)",tanh,0.5,35.570351512332294
r9,md_full11,"(8, 4)",tanh,1.0,36.09634766221696
r9,md_full11,"(8, 4)",tanh,2.0,29.94068744569314
r9,md_full11,"(8, 4)",tanh,3.0,26.34210812464064
r9,md_full11,"(8, 4)",tanh,5.0,25.697243269106004
r9,md_full11,"(8, 4)",tanh,10.0,30.07648977853049
r9,md_full11,"(10, 5)",tanh,0.5,35.56122767297647
r9,md_full11,"(10, 5)",tanh,1.0,35.81290290376041
r9,md_full11,"(10, 5)",tanh,2.0,28.913644909033
r9,md_full11,"(10, 5)",tanh,3.0,28.208078640031
r9,md_full11,"(10, 5)",tanh,5.0,25.83208509692084
r9,md_full11,"(10, 5)",tanh,10.0,29.95259772630025
r9,md_full11,"(12, 6)",tanh,0.5,36.52458274973041
r9,md_full11,"(12, 6)",tanh,1.0,34.02881305340203
r9,md_full11,"(12, 6)",tanh,2.0,29.85074183123774
r9,md_full11,"(12, 6)",tanh,3.0,29.05408864603166
r9,md_full11,"(12, 6)",tanh,5.0,26.50302134053959
r9,md_full11,"(12, 6)",tanh,10.0,29.674051143946844
r9,md_full11,"(16, 8)",tanh,0.5,35.390805890715534
r9,md_full11,"(16, 8)",tanh,1.0,34.95894191377204
r9,md_full11,"(16, 8)",tanh,2.0,31.076309616989768
r9,md_full11,"(16, 8)",tanh,3.0,28.22222179205377
r9,md_full11,"(16, 8)",tanh,5.0,26.666186199410923
r9,md_full11,"(16, 8)",tanh,10.0,29.092360040417056
r9,md_full11,"(20, 10)",tanh,0.5,36.5806778751285
r9,md_full11,"(20, 10)",tanh,1.0,31.90408603823865
r9,md_full11,"(20, 10)",tanh,2.0,30.53433875348152
r9,md_full11,"(20, 10)",tanh,3.0,28.015814299933275
r9,md_full11,"(20, 10)",tanh,5.0,26.60778188690668
r9,md_full11,"(20, 10)",tanh,10.0,29.152959870155158
r9,md_full11,"(24, 12)",tanh,0.5,35.64415691539635
r9,md_full11,"(24, 12)",tanh,1.0,32.511401704707865
r9,md_full11,"(24, 12)",tanh,2.0,31.44200304254357
r9,md_full11,"(24, 12)",tanh,3.0,29.945674924132884
r9,md_full11,"(24, 12)",tanh,5.0,26.386162238158363
r9,md_full11,"(24, 12)",tanh,10.0,29.06040404233548
r9,md_full11,"(8, 8)",tanh,0.5,31.294457861275333
r9,md_full11,"(8, 8)",tanh,1.0,35.484882410579495
r9,md_full11,"(8, 8)",tanh,2.0,31.96570915954444
r9,md_full11,"(8, 8)",tanh,3.0,26.55241376104478
r9,md_full11,"(8, 8)",tanh,5.0,26.64174898003583
r9,md_full11,"(8, 8)",tanh,10.0,29.188138906535603
r9,md_full11,"(16, 16)",tanh,0.5,33.54025201542167
r9,md_full11,"(16, 16)",tanh,1.0,32.76764026492667
r9,md_full11,"(16, 16)",tanh,2.0,32.22456683035047
r9,md_full11,"(16, 16)",tanh,3.0,28.857069412800097
r9,md_full11,"(16, 16)",tanh,5.0,26.68019899191692
r9,md_full11,"(16, 16)",tanh,10.0,29.110520639095245
r9,md_full11,"(8, 4, 2)",tanh,0.5,34.724426163140585
r9,md_full11,"(8, 4, 2)",tanh,1.0,32.96529099300167
r9,md_full11,"(8, 4, 2)",tanh,2.0,26.417464409418745
r9,md_full11,"(8, 4, 2)",tanh,3.0,26.58365958819349
r9,md_full11,"(8, 4, 2)",tanh,5.0,24.89503677015194
r9,md_full11,"(8, 4, 2)",tanh,10.0,31.43852583123448
r9,md_full11,"(12, 6, 3)",tanh,0.5,34.40869447297085
r9,md_full11,"(12, 6, 3)",tanh,1.0,33.67480301719671
r9,md_full11,"(12, 6, 3)",tanh,2.0,30.70405426568326
r9,md_full11,"(12, 6, 3)",tanh,3.0,26.15616881114817
r9,md_full11,"(12, 6, 3)",tanh,5.0,25.24061514208089
r9,md_full11,"(12, 6, 3)",tanh,10.0,31.227540509819185
r9,md_full11,"(16, 8, 4)",tanh,0.5,37.459671442106085
r9,md_full11,"(16, 8, 4)",tanh,1.0,33.82416179415042
r9,md_full11,"(16, 8, 4)",tanh,2.0,28.171702037637328
r9,md_full11,"(16, 8, 4)",tanh,3.0,27.22966543826887
r9,md_full11,"(16, 8, 4)",tanh,5.0,25.40361753339305
r9,md_full11,"(16, 8, 4)",tanh,10.0,29.910585503132516
r9,md_full11,"(24, 12, 6)",tanh,0.5,34.37152154427698
r9,md_full11,"(24, 12, 6)",tanh,1.0,30.895776903970116
r9,md_full11,"(24, 12, 6)",tanh,2.0,31.36160208237113
r9,md_full11,"(24, 12, 6)",tanh,3.0,27.418559308036983
r9,md_full11,"(24, 12, 6)",tanh,5.0,26.483266632390382
r9,md_full11,"(24, 12, 6)",tanh,10.0,30.30265198594565
